{"0": {"0": [0.6606060606060605, 0.03758837757140939], "1": [0.006060606060606061, 0.9867429111949892], "2": [0.28484848484848485, 0.42503815489214547], "3": [0.10303030303030303, 0.7769984634438898], "4": [0.09090909090909088, 0.8027717312071619], "5": [0.6727272727272726, 0.0330412225454377], "6": [-0.3129069907613229, 0.37868901667234744], "7": [-0.06079055436800646, 0.8675109976588954], "8": [-0.16565664216775916, 0.6474077386053476], "9": [-0.33333333333333326, 0.34659350708733405], "10": [0.1313141338909517, 0.7176524583232446], "11": [0.01818181818181818, 0.9602404181286243], "12": [-0.4627259956157345, 0.17809350988104583], "13": [-0.754658036542014, 0.01164487250461738], "14": [0.5878787878787878, 0.07387770688865801], "15": [0.754658036542014, 0.01164487250461738], "16": [0.058025885318565944, 0.8734948923712951], "17": [0.38181818181818183, 0.27625533338543595], "18": [0.1533857797849622, 0.67225190847117], "19": [0.4787878787878787, 0.1615229280174558], "20": [0.38181818181818183, 0.27625533338543595], "21": [0.7046939203804071, 0.02287044775326588], "22": [0.22424242424242422, 0.5334005612725947], "23": [0.4787878787878787, 0.1615229280174558], "24": [-0.12506107989614448, 0.7306676120453806], "25": [0.6484848484848483, 0.04254012768448945], "26": [0.2392080280190373, 0.5056601006121273], "27": [0.6969696969696969, 0.02509667588225183], "28": [0.6018264882432639, 0.06564599213625309], "29": [0.5151515151515151, 0.12755286970323426], "30": [-0.5757575757575757, 0.08155281477260236], "31": [-0.4545454545454545, 0.186904810349332], "32": [-0.24316221747202585, 0.49843371099777956], "33": [0.07878787878787878, 0.8287173946974606], "34": [0.35757575757575755, 0.3103760917056799], "35": [0.32121212121212117, 0.3654683104386702], "36": [-0.03126526997403612, 0.9316740378402397], "37": [0.4424242424242424, 0.20042268671194224], "38": [-0.1702135522304181, 0.6382593583672791], "39": [0.16363636363636364, 0.6514773427962428], "40": [-0.42553388057604524, 0.22017919518735943], "41": [-0.41818181818181815, 0.22911284098281892], "42": [0.4545454545454545, 0.186904810349332], "43": [-0.5252565355638068, 0.11897522508907236], "44": [-0.49959672366232943, 0.1414857456452181], "45": [0.07294866524160776, 0.8412712675592938], "46": [0.6363636363636362, 0.04791172612997547], "47": [0.6242424242424242, 0.053717767217167395], "48": [0.3708223816448394, 0.2914682712989585], "49": [0.17792750455055614, 0.6228731846521808], "50": [-0.3006361283785259, 0.398643511478881], "51": [-0.24848484848484845, 0.48877630451924314], "52": [0.5515151515151515, 0.09840117666963498], "53": [-0.35505014583943784, 0.3140524544456475], "54": [-0.23636363636363633, 0.5108853175152002], "55": [0.34545454545454546, 0.32822651147136733], "56": [-0.20133002296840144, 0.5770120704320141], "57": [0.6810328622452322, 0.03015088403187696], "58": [-0.2606060606060606, 0.4670890543863402], "59": [0.14111491740216522, 0.6973850724458668], "60": [0.24848484848484845, 0.48877630451924314], "61": [-0.4877382115949635, 0.15270730878799618], "62": [0.709090909090909, 0.021665923367532435], "63": [0.44377104688644714, 0.1988934422361148], "64": [-0.03232540919176179, 0.9293620101414009], "65": [0.006060606060606061, 0.9867429111949892], "66": [0.2727272727272727, 0.44583834154275137], "67": [0.7575757575757575, 0.011143446799694208], "68": [0.3939393939393939, 0.25999776683488757], "69": [0.6606060606060605, 0.03758837757140939], "70": [-0.09118583155200968, 0.8021812915092663], "71": [-0.09726488698881033, 0.7892345325825416], "72": [0.28484848484848485, 0.42503815489214547], "73": [0.5636363636363636, 0.08972402831709125], "74": [0.4545454545454545, 0.186904810349332], "75": [0.13939393939393938, 0.7009318849100584], "76": [0.4545454545454545, 0.186904810349332], "77": [0.6606060606060605, 0.03758837757140939], "78": [-0.1740776559556978, 0.6305360755569764], "79": [0.01818181818181818, 0.9602404181286243], "80": [-0.6933037246280291, 0.026203489677142103], "81": [-0.10942299786241164, 0.7634826463741492], "82": [0.7696969696969697, 0.009221952722215994], "83": [0.13939393939393938, 0.7009318849100584], "84": [0.32004956593307055, 0.3673049476180079], "85": [0.06666666666666665, 0.8548130882487426], "86": [-0.22424242424242422, 0.5334005612725947], "87": [-0.16363636363636364, 0.6514773427962428], "88": [0.16363636363636364, 0.6514773427962428], "89": [-0.2006088294144213, 0.5784061446498445], "90": [0.32121212121212117, 0.3654683104386702], "91": [0.10303030303030303, 0.7769984634438898], "92": [0.4559291577600484, 0.1853967644537158], "93": [0.08193464903987026, 0.8219663524755074], "94": [0.4848811378764269, 0.15548895478208474], "95": [-0.16413449679361747, 0.6504731396988412], "96": [0.07878787878787878, 0.8287173946974606], "97": [-0.03232540919176179, 0.9293620101414009], "98": [-0.06079055436800646, 0.8675109976588954], "99": [0.309090909090909, 0.3848412302612835]}, "1": {"0": [0.38181818181818183, 0.27625533338543595], "1": [0.0303030303030303, 0.9337729580941466], "2": [-0.13939393939393938, 0.7009318849100584], "3": [-0.9509918346667656, 2.378368464778239e-05], "4": [0.07878787878787878, 0.8287173946974606], "5": [0.7575757575757575, 0.011143446799694208], "6": [0.309090909090909, 0.3848412302612835], "7": [0.09090909090909088, 0.8027717312071619], "8": [-0.5092407888860745, 0.13274267581496021], "9": [0.08510677611520905, 0.8151715445415288], "10": [0.19999999999999998, 0.5795840000000001], "11": [0.5272727272727272, 0.11730806555020223], "12": [-0.2248996949799955, 0.5321695265251559], "13": [0.13939393939393938, 0.7009318849100584], "14": [-0.12727272727272726, 0.7260570147627894], "15": [-0.24386910579748175, 0.4971464920333889], "16": [0.0, 1.0], "17": [0.251552678847338, 0.48324688687389394], "18": [-0.08754275592730112, 0.8099610887157981], "19": [-0.34545454545454546, 0.32822651147136733], "20": [-0.043249941342306836, 0.9055675268093264], "21": [-0.10303030303030303, 0.7769984634438898], "22": [-0.0061354311913984876, 0.9865792494806584], "23": [0.395138603392042, 0.25841872523187825], "24": [0.35757575757575755, 0.3103760917056799], "25": [0.7046939203804071, 0.02287044775326588], "26": [0.07878787878787878, 0.8287173946974606], "27": [0.17575757575757575, 0.6271883447764844], "28": [-0.29696969696969694, 0.4047016712701569], "29": [0.41818181818181815, 0.22911284098281892], "30": [0.5151515151515151, 0.12755286970323426], "31": [-0.37426130267530777, 0.2866631890735267], "32": [-0.2876404837611323, 0.42031228542220656], "33": [0.2727272727272727, 0.44583834154275137], "34": [0.45902081052301746, 0.18205326326302582], "35": [0.7939393939393938, 0.0060999233136969115], "36": [0.28484848484848485, 0.42503815489214547], "37": [0.49696992650327754, 0.14392654659800444], "38": [0.35757575757575755, 0.3103760917056799], "39": [0.07294866524160776, 0.8412712675592938], "40": [0.012158110873601292, 0.9734080635074243], "41": [0.5151515151515151, 0.12755286970323426], "42": [0.6606060606060605, 0.03758837757140939], "43": [-0.42553388057604524, 0.22017919518735943], "44": [0.43030303030303024, 0.21449233253280775], "45": [0.16363636363636364, 0.6514773427962428], "46": [0.24848484848484845, 0.48877630451924314], "47": [-0.22424242424242422, 0.5334005612725947], "48": [-0.23928181646454103, 0.5055248490013543], "49": [0.7818181818181817, 0.007547007781067878], "50": [0.6363636363636362, 0.04791172612997547], "51": [-0.01818181818181818, 0.9602404181286243], "52": [0.4545454545454545, 0.186904810349332], "53": [0.17792750455055614, 0.6228731846521808], "54": [-0.20133002296840144, 0.5770120704320141], "55": [-0.07878787878787878, 0.8287173946974606], "56": [0.10303030303030303, 0.7769984634438898], "57": [0.24848484848484845, 0.48877630451924314], "58": [-0.14869688228210426, 0.6818227248382321], "59": [0.12727272727272726, 0.7260570147627894], "60": [-0.35464951900691605, 0.3146377079404608], "61": [0.22701095408174404, 0.5282230346638654],