{"0": {"0": [0.7696969696969697, 0.009221952722215994], "1": [0.7575757575757575, 0.011143446799694208], "2": [0.41337576970244394, 0.23506197663269415], "3": [0.43030303030303024, 0.21449233253280775], "4": [0.7212121212121211, 0.018573155089460208], "5": [0.5393939393939393, 0.1075931877824148], "6": [0.7454545454545454, 0.013330146315440047], "7": [0.2727272727272727, 0.44583834154275137], "8": [0.4787878787878787, 0.1615229280174558], "9": [0.09090909090909088, 0.8027717312071619], "10": [0.24848484848484845, 0.48877630451924314], "11": [0.29696969696969694, 0.4047016712701569], "12": [0.7818181818181817, 0.007547007781067878], "13": [-0.07878787878787878, 0.8287173946974606], "14": [0.8060606060606059, 0.004862061101964606], "15": [0.2606060606060606, 0.4670890543863402], "16": [0.2121212121212121, 0.5563057751029299], "17": [0.7818181818181817, 0.007547007781067878], "18": [0.10303030303030303, 0.7769984634438898], "19": [0.5030303030303029, 0.13833369839449197], "20": [0.7818181818181817, 0.007547007781067878], "21": [0.5272727272727272, 0.11730806555020223], "22": [-0.01818181818181818, 0.9602404181286243], "23": [-0.10303030303030303, 0.7769984634438898], "24": [0.5878787878787878, 0.07387770688865801], "25": [-0.29696969696969694, 0.4047016712701569], "26": [0.8181818181818182, 0.0038149200825507135], "27": [0.9030303030303028, 0.00034361219776328223], "28": [0.2727272727272727, 0.44583834154275137], "29": [-0.19999999999999998, 0.5795840000000001], "30": [0.5151515151515151, 0.12755286970323426], "31": [0.6969696969696969, 0.02509667588225183], "32": [-0.5127504275741924, 0.12964569080072638], "33": [0.6606060606060605, 0.03758837757140939], "34": [0.5878787878787878, 0.07387770688865801], "35": [0.16363636363636364, 0.6514773427962428], "36": [0.5878787878787878, 0.07387770688865801], "37": [0.6969696969696969, 0.02509667588225183], "38": [0.309090909090909, 0.3848412302612835], "39": [0.4787878787878787, 0.1615229280174558], "40": [-0.024316221747202584, 0.9468397049085097], "41": [-0.2121212121212121, 0.5563057751029299], "42": [0.6484848484848483, 0.04254012768448945], "43": [0.1515151515151515, 0.6760651759978538], "44": [0.2121212121212121, 0.5563057751029299], "45": [0.34545454545454546, 0.32822651147136733], "46": [0.09090909090909088, 0.8027717312071619], "47": [0.7939393939393938, 0.0060999233136969115], "48": [-0.04242424242424241, 0.907363817812816], "49": [-0.23636363636363633, 0.5108853175152002], "50": [0.17575757575757575, 0.6271883447764844], "51": [0.33333333333333326, 0.34659350708733405], "52": [0.23636363636363633, 0.5108853175152002], "53": [0.3696969696969697, 0.2930500752928223], "54": [0.5515151515151515, 0.09840117666963498], "55": [0.5515151515151515, 0.09840117666963498], "56": [0.34545454545454546, 0.32822651147136733], "57": [0.2606060606060606, 0.4670890543863402], "58": [-0.2606060606060606, 0.4670890543863402], "59": [0.6606060606060605, 0.03758837757140939], "60": [0.6484848484848483, 0.04254012768448945], "61": [0.6242424242424242, 0.053717767217167395], "62": [0.7575757575757575, 0.011143446799694208], "63": [-0.1515151515151515, 0.6760651759978538], "64": [0.49090909090909085, 0.14965567342083677], "65": [0.24848484848484845, 0.48877630451924314], "66": [0.5151515151515151, 0.12755286970323426], "67": [0.6242424242424242, 0.053717767217167395], "68": [0.5151515151515151, 0.12755286970323426], "69": [0.43030303030303024, 0.21449233253280775], "70": [-0.10430233025377429, 0.774304654354067], "71": [0.4666666666666666, 0.17393859716506632], "72": [0.5151515151515151, 0.12755286970323426], "73": [0.3939393939393939, 0.25999776683488757], "74": [0.23636363636363633, 0.5108853175152002], "75": [0.11515151515151514, 0.7514196523258483], "76": [0.24848484848484845, 0.48877630451924314], "77": [0.5636363636363636, 0.08972402831709125], "78": [0.7939393939393938, 0.0060999233136969115], "79": [0.1533857797849622, 0.67225190847117], "80": [0.251552678847338, 0.48324688687389394], "81": [0.3374487155269168, 0.34030016731737633], "82": [0.11515151515151514, 0.7514196523258483], "83": [0.309090909090909, 0.3848412302612835], "84": [-0.40729671426564323, 0.24271027029946393], "85": [0.7454545454545454, 0.013330146315440047], "86": [0.5272727272727272, 0.11730806555020223], "87": [0.16363636363636364, 0.6514773427962428], "88": [0.41818181818181815, 0.22911284098281892], "89": [0.309090909090909, 0.3848412302612835], "90": [-0.10303030303030303, 0.7769984634438898], "91": [0.6484848484848483, 0.04254012768448945], "92": [0.4666666666666666, 0.17393859716506632], "93": [0.4545454545454545, 0.186904810349332], "94": [-0.4787878787878787, 0.1615229280174558], "95": [0.7212121212121211, 0.018573155089460208], "96": [0.5393939393939393, 0.1075931877824148], "97": [0.5636363636363636, 0.08972402831709125], "98": [0.7212121212121211, 0.018573155089460208], "99": [0.8909090909090909, 0.0005421442248338665]}, "1": {"0": [0.7575757575757575, 0.011143446799694208], "1": [0.7294866524160775, 0.016646879953377023], "2": [0.8060606060606059, 0.004862061101964606], "3": [0.2606060606060606, 0.4670890543863402], "4": [0.24848484848484845, 0.48877630451924314], "5": [0.6969696969696969, 0.02509667588225183], "6": [0.7696969696969697, 0.009221952722215994], "7": [0.6121212121212121, 0.05997214247725524], "8": [0.5878787878787878, 0.07387770688865801], "9": [-0.01818181818181818, 0.9602404181286243], "10": [0.4545454545454545, 0.186904810349332], "11": [-0.09090909090909088, 0.8027717312071619], "12": [0.11515151515151514, 0.7514196523258483], "13": [0.6121212121212121, 0.05997214247725524], "14": [0.8424242424242423, 0.0022200312259168407], "15": [0.23928181646454103, 0.5055248490013543], "16": [0.4666666666666666, 0.17393859716506632], "17": [-0.04242424242424241, 0.907363817812816], "18": [-0.24848484848484845, 0.48877630451924314], "19": [0.6, 0.06668799999999996], "20": [0.06666666666666665, 0.8548130882487426], "21": [0.7939393939393938, 0.0060999233136969115], "22": [0.7575757575757575, 0.011143446799694208], "23": [-0.13939393939393938, 0.7009318849100584], "24": [-0.2727272727272727, 0.44583834154275137], "25": [-0.0303030303030303, 0.9337729580941466], "26": [0.8909090909090909, 0.0005421442248338665], "27": [-0.1515151515151515, 0.6760651759978538], "28": [0.5030303030303029, 0.13833369839449197], "29": [-0.04242424242424241, 0.907363817812816], "30": [0.5775102664960614, 0.08041257910277315], "31": [-0.09090909090909088, 0.8027717312071619], "32": [0.6606060606060605, 0.03758837757140939], "33": [0.24848484848484845, 0.48877630451924314], "34": [0.6606060606060605, 0.03758837757140939], "35": [0.6969696969696969, 0.02509667588225183], "36": [0.32121212121212117, 0.3654683104386702], "37": [0.6484848484848483, 0.04254012768448945], "38": [0.05454545454545454, 0.8810361811618526], "39": [-0.024316221747202584, 0.9468397049085097], "40": [0.32517785314411984, 0.3592376707147828], "41": [0.43030303030303024, 0.21449233253280775], "42": [0.6727272727272726, 0.0330412225454377], "43": [0.7939393939393938, 0.0060999233136969115], "44": [0.7454545454545454, 0.013330146315440047], "45": [0.34545454545454546, 0.32822651147136733], "46": [0.2121212121212121, 0.5563057751029299], "47": [0.43030303030303024, 0.21449233253280775], "48": [-0.3939393939393939, 0.25999776683488757], "49": [0.4545454545454545, 0.186904810349332], "50": [0.23636363636363633, 0.5108853175152002], "51": [0.6969696969696969, 0.02509667588225183], "52": [0.29696969696969694, 0.4047016712701569], "53": [0.2121212121212121, 0.5563057751029299], "54": [0.33333333333333326, 0.34659350708733405], "55": [0.5515151515151515, 0.09840117666963498], "56": [0.4424242424242424, 0.20042268671194224], "57": [0.17575757575757575, 0.6271883447764844], "58": [0.5030303030303029, 0.13833369839449197], "59": [0.6606060606060605, 0.03758837757140939], "60": [0.6242424242424242, 0.053717767217167395], "61": [0.709090909090909, 0.021665923367532435],