{"0": {"0": [-0.07878787878787878, 0.8287173946974606], "1": [-0.5531940447488588, 0.09716879095836048], "2": [0.6484848484848483, 0.04254012768448945], "3": [0.32121212121212117, 0.3654683104386702], "4": [0.4787878787878787, 0.1615229280174558], "5": [0.6484848484848483, 0.04254012768448945], "6": [0.6196785503312472, 0.05601931349899569], "7": [0.4666666666666666, 0.17393859716506632], "8": [0.058185736545171236, 0.873148747673779], "9": [0.09090909090909088, 0.8027717312071619], "10": [0.3057233682112762, 0.3903104671530484], "11": [0.40967324519935133, 0.2397038798848158], "12": [0.09726488698881033, 0.7892345325825416], "13": [-0.6833490732084478, 0.02937668347961381], "14": [0.4559291577600484, 0.1853967644537158], "15": [0.6484848484848483, 0.04254012768448945], "16": [0.6636434090439899, 0.036411567166174705], "17": [-0.17150335289900862, 0.6356778727156087], "18": [0.6, 0.06668799999999996], "19": [0.2553203283456271, 0.47649345335133597], "20": [0.29696969696969694, 0.4047016712701569], "21": [-0.3057233682112762, 0.3903104671530484], "22": [0.16565664216775916, 0.6474077386053476], "23": [-0.2121212121212121, 0.5563057751029299], "24": [-0.471124231979254, 0.16930883317276382], "25": [0.14167668282961585, 0.6962284519772401], "26": [-0.3057233682112762, 0.3903104671530484], "27": [-0.2063507818286384, 0.5673421653030597], "28": [NaN, NaN], "29": [-0.47416632407045034, 0.16619192808155497], "30": [0.5883224472900647, 0.07360605966984186], "31": [0.6969696969696969, 0.02509667588225183], "32": [0.050024431958457787, 0.8908449827092436], "33": [0.2857156055296304, 0.42356778382654603], "34": [0.28484848484848485, 0.42503815489214547], "35": [0.2262778643423326, 0.529592020309138], "36": [0.05454545454545454, 0.8810361811618526], "37": [0.24386910579748175, 0.4971464920333889], "38": [0.8303030303030302, 0.0029402270232795065], "39": [0.6, 0.06668799999999996], "40": [0.024316221747202584, 0.9468397049085097], "41": [0.017299976536922734, 0.9621676255015932], "42": [0.3696969696969697, 0.2930500752928223], "43": [-0.10379985922153641, 0.7753684943458543], "44": [0.13939393939393938, 0.7009318849100584], "45": [0.5636363636363636, 0.08972402831709125], "46": [-0.5592731001856595, 0.09278876749399557], "47": [0.288365265995729, 0.4190895266730382], "48": [-0.3006361283785259, 0.398643511478881], "49": [0.19894973017461143, 0.5816179825309529], "50": [0.20668788485122197, 0.5666951380068741], "51": [-0.05627748595326502, 0.8772821581180907], "52": [-0.019395245515057075, 0.9575888568713233], "53": [-0.025949964805384102, 0.9432726625041241], "54": [-0.40644850966246954, 0.24378836504130538], "55": [0.03647433262080388, 0.9203184602756675], "56": [0.18237166310401937, 0.6140677514955037], "57": [0.23636363636363633, 0.5108853175152002], "58": [-0.6271129383201788, 0.0523027863969688], "59": [-0.5624621199366552, 0.0905423460461194], "60": [0.00682788741998919, 0.9850646925664868], "61": [0.37426130267530777, 0.2866631890735267], "62": [0.6747751534848716, 0.0323118085420257], "63": [0.5030303030303029, 0.13833369839449197], "64": [-0.35258521533443743, 0.31766237942092473], "65": [-0.4061811972299616, 0.2441286818964912], "66": [0.10303030303030303, 0.7769984634438898], "67": [0.5531940447488588, 0.09716879095836048], "68": [-0.03647433262080388, 0.9203184602756675], "69": [NaN, NaN], "70": [0.09697622757528539, 0.7898482749872355], "71": [0.03413943709994595, 0.9254069601426549], "72": [-0.4564729416209274, 0.18480608278680496], "73": [-0.17629260766721871, 0.6261234187474365], "74": [0.10241831129983783, 0.7782952608348457], "75": [0.29696969696969694, 0.4047016712701569], "76": [0.6196785503312472, 0.05601931349899569], "77": [0.42023031949290335, 0.22660334321039322], "78": [-0.012506107989614447, 0.9726471670982842], "79": [0.12283655492869483, 0.7353129025554093], "80": [-0.08754275592730112, 0.8099610887157981], "81": [0.46897904961054176, 0.17152759556376407], "82": [-0.44788647697208955, 0.19426275128648055], "83": [0.3865321650581048, 0.26986858257602425], "84": [0.13981827504641486, 0.7000568732769904], "85": [0.08202334269083021, 0.8217762205978925], "86": [0.42553388057604524, 0.22017919518735943], "87": [-0.11657319263657127, 0.748433303989289], "88": [-0.35757575757575755, 0.3103760917056799], "89": [0.4564729416209274, 0.18480608278680496], "90": [-0.5276492843761433, 0.11699832200012014], "91": [0.31139957766460924, 0.3811134425448903], "92": [0.29081003317657983, 0.4149773740591044], "93": [-0.42503004848884746, 0.22078495537619355], "94": [0.5471149893120582, 0.1016780321289929], "95": [0.5460533760344654, 0.10247883425571196], "96": [0.09090909090909088, 0.8027717312071619], "97": [0.11657319263657127, 0.748433303989289], "98": [NaN, NaN], "99": [-0.13373921960961418, 0.7126222235089889]}}