{"0": {"0": [-0.6934700791133827, 0.026152553858395718], "1": [-0.2901294265928297, 0.4161202535070595], "2": [0.006060606060606061, 0.9867429111949892], "3": [0.7818181818181817, 0.007547007781067878], "4": [-0.006079055436800646, 0.9867025576451145], "5": [0.8303030303030302, 0.0029402270232795065], "6": [-0.2121212121212121, 0.5563057751029299], "7": [0.6443798763008685, 0.04431151432143616], "8": [0.29696969696969694, 0.4047016712701569], "9": [0.3242381249150755, 0.36070925648609314], "10": [0.38181818181818183, 0.27625533338543595], "11": [0.29696969696969694, 0.4047016712701569], "12": [-0.5512048123556283, 0.09863006119638376], "13": [-0.06878359394287946, 0.8502457429418196], "14": [0.33333333333333326, 0.34659350708733405], "15": [0.24848484848484845, 0.48877630451924314], "16": [0.06079055436800646, 0.8675109976588954], "17": [-0.475232103605349, 0.16510812604470265], "18": [0.29696969696969694, 0.4047016712701569], "19": [0.8060606060606059, 0.004862061101964606], "20": [0.07878787878787878, 0.8287173946974606], "21": [0.803741486073202, 0.005083577988395172], "22": [0.6484848484848483, 0.04254012768448945], "23": [0.05836286248471359, 0.8727652186441381], "24": [-0.006465081838352358, 0.9858582245762786], "25": [-0.05521888072258639, 0.8795763328505938], "26": [-0.46015733935488656, 0.18083317091172585], "27": [-0.23928181646454103, 0.5055248490013543], "28": [0.5757575757575757, 0.08155281477260236], "29": [0.32121212121212117, 0.3654683104386702], "30": [-0.04255338805760452, 0.9070828390046616], "31": [0.5757575757575757, 0.08155281477260236], "32": [0.5636363636363636, 0.08972402831709125], "33": [-0.5092407888860745, 0.13274267581496021], "34": [0.4666666666666666, 0.17393859716506632], "35": [0.1911808477596973, 0.5967451543602388], "36": [0.3586642707712381, 0.3087986342680014], "37": [0.6261427099904666, 0.05277824501366533], "38": [0.8303030303030302, 0.0029402270232795065], "39": [0.7575757575757575, 0.011143446799694208], "40": [0.32121212121212117, 0.3654683104386702], "41": [0.5106406566912542, 0.13150199306594584], "42": [0.6626170426112704, 0.03680640234866444], "43": [0.288365265995729, 0.4190895266730382], "44": [-0.4460906468463127, 0.19627559914738424], "45": [-0.6690767774443729, 0.03436902792184487], "46": [0.45786251238965864, 0.18330171384717128], "47": [-0.22154790046665224, 0.5384592265544301], "48": [0.3689301856936262, 0.29413043969613395], "49": [0.03232540919176179, 0.9293620101414009], "50": [-0.1515151515151515, 0.6760651759978538], "51": [0.4423144314540023, 0.20054767323145498], "52": [0.2876404837611323, 0.42031228542220656], "53": [0.5272727272727272, 0.11730806555020223], "54": [0.8787878787878788, 0.0008138621117322101], "55": [-0.1365577483997838, 0.706788411940285], "56": [0.2024692293161501, 0.5748125526418609], "57": [-0.006465081838352358, 0.9858582245762786], "58": [-0.11880802590133725, 0.7437449523154919], "59": [0.045393337488110565, 0.9009064302503588], "60": [0.11515151515151514, 0.7514196523258483], "61": [0.06666666666666665, 0.8548130882487426], "62": [0.4846990641204805, 0.15566725143921836], "63": [0.4424242424242424, 0.20042268671194224], "64": [0.43030303030303024, 0.21449233253280775], "65": [-0.16485008199352866, 0.6490314539717852], "66": [0.8909090909090909, 0.0005421442248338665], "67": [-0.13576671860539954, 0.7084243183280745], "68": [0.17202543432859263, 0.6346339487618239], "69": [-0.10924619871982703, 0.7638556900089998], "70": [-0.3039527718400323, 0.3932011151432977], "71": [0.480245379507251, 0.1600670096468279], "72": [-0.8857162118542732, 0.000648750743011343], "73": [0.6242424242424242, 0.053717767217167395], "74": [-0.0682788741998919, 0.8513343342996051], "75": [0.251552678847338, 0.48324688687389394], "76": [0.2769348755833153, 0.4385662910842777], "77": [-0.4460906468463127, 0.19627559914738424], "78": [0.3700532634382172, 0.2925487968016446], "79": [-0.5462309935991352, 0.10234457577774589], "80": [0.008756782291545563, 0.9808460075341124], "81": [0.20308557542776454, 0.5736238663125799], "82": [0.0, 1.0], "83": [0.5957474328064633, 0.0691558441520855], "84": [0.4559291577600484, 0.1853967644537158], "85": [0.309090909090909, 0.3848412302612835], "86": [-0.18787878787878787, 0.603217610029209], "87": [0.44788647697208955, 0.19426275128648055], "88": [0.6074076879484503, 0.06252817596740043], "89": [0.44817073170731714, 0.19394525627242162], "90": [0.475232103605349, 0.16510812604470265], "91": [0.5471149893120582, 0.1016780321289929], "92": [0.2804878048780488, 0.43246841627528765], "93": [-0.3209107087394919, 0.3659440505528036], "94": [-0.042948018339789416, 0.9062243097567702], "95": [0.5896683773696627, 0.07278593695976274], "96": [0.03658536585365854, 0.9200765461223946], "97": [0.6127992914911079, 0.059610195864475725], "98": [-0.3751832396884334, 0.2853822954558142], "99": [0.6242424242424242, 0.053717767217167395]}}