{"0": {"0": [0.29696969696969694, 0.4047016712701569], "1": [0.6727272727272726, 0.0330412225454377], "2": [0.8997002046464956, 0.00039167359562948295], "3": [0.09203146787097732, 0.8003776447383397], "4": [0.6363636363636362, 0.04791172612997547], "5": [-0.07294866524160776, 0.8412712675592938], "6": [-0.2248996949799955, 0.5321695265251559], "7": [0.6753298314391801, 0.03211614315528039], "8": [-0.7305542477338166, 0.016408921036284635], "9": [0.0521966726214374, 0.8861303536160944], "10": [-0.251552678847338, 0.48324688687389394], "11": [0.9422535927041001, 4.535869822711169e-05], "12": [0.5735425432790918, 0.0830086768189962], "13": [0.6196785503312473, 0.05601931349899564], "14": [0.4993267123692162, 0.14173546260406136], "15": [0.7591463414634148, 0.010879912608587367], "16": [-0.2376160518026745, 0.5085818308911956], "17": [0.6363636363636362, 0.04791172612997547], "18": [0.6319494127140443, 0.04997508741133867], "19": [0.5896683773696627, 0.07278593695976274], "20": [0.4545454545454545, 0.186904810349332], "21": [0.4545454545454545, 0.186904810349332], "22": [0.3006361283785259, 0.398643511478881], "23": [-0.32063670324597265, 0.3663767995194704], "24": [0.8060606060606059, 0.004862061101964606], "25": [0.8545454545454544, 0.0016368033159867143], "26": [0.20041753698892312, 0.5787761266135725], "27": [0.35464951900691605, 0.3146377079404608], "28": [0.08202334269083021, 0.8217762205978925], "29": [-0.16257940386498781, 0.6536097730590957], "30": [0.43030303030303024, 0.21449233253280775], "31": [0.5049031814707879, 0.13663269601140293], "32": [0.0822730338093269, 0.8212410046219796], "33": [0.7575757575757575, 0.011143446799694208], "34": [0.3058118275329543, 0.39016632069749324], "35": [-0.41232525920182495, 0.23637382346265984], "36": [0.28484848484848485, 0.42503815489214547], "37": [-0.16565664216775916, 0.6474077386053476], "38": [0.06878359394287946, 0.8502457429418196], "39": [0.5349568784384567, 0.11108833030248295], "40": [0.0, 1.0], "41": [0.12158110873601292, 0.7379379712336098], "42": [0.04377137796365056, 0.9044333503367094], "43": [0.5835893219328621, 0.07653771742823341], "44": [0.6753298314391801, 0.03211614315528039], "45": [0.6196785503312472, 0.05601931349899569], "46": [0.36474332620803873, 0.3000669694646655], "47": [0.6565379871744699, 0.039204386332556754], "48": [0.8267515394048879, 0.0031797140860104155], "49": [-0.4061811972299616, 0.2441286818964912], "50": [-0.6196785503312472, 0.05601931349899569], "51": [0.829268292682927, 0.003008613513062222], "52": [0.06484762498301509, 0.8587408439899492], "53": [-0.019513871975911864, 0.9573296560189384], "54": [0.6065462374963008, 0.0630029221816987], "55": [0.6833490732084478, 0.02937668347961381], "56": [0.6225371998369449, 0.05457022923767123], "57": [0.2892430922759071, 0.4176108099749317], "58": [0.008649988268461367, 0.9810795663754146], "59": [0.09118583155200968, 0.8021812915092663], "60": [0.34139437099945946, 0.3343216792769983], "61": [0.12832838666786217, 0.7238590734444414], "62": [0.9329268292682927, 8.161723210929747e-05], "63": [-0.20133002296840144, 0.5770120704320141], "64": [0.3006361283785259, 0.398643511478881], "65": [0.0034243362567437114, 0.9925093522747106], "66": [-0.3314118617247829, 0.3495519374048989], "67": [0.49696992650327754, 0.14392654659800444], "68": [-0.5488078059465086, 0.10040931370276057], "69": [0.686933264358473, 0.028205560771255266], "70": [0.7073170731707318, 0.02214645371343902], "71": [0.22424242424242422, 0.5334005612725947], "72": [-0.20759971844307282, 0.564946403518352], "73": [0.17629260766721871, 0.6261234187474365], "74": [0.31104834835109574, 0.38167942572948543], "75": [0.5843136262257653, 0.07608427015617725], "76": [-0.2901294265928297, 0.4161202535070595], "77": [-0.5890767338705079, 0.07314571054139454], "78": [0.251552678847338, 0.48324688687389394], "79": [0.6121212121212121, 0.05997214247725524], "80": [0.9755335594323594, 1.5221342547933937e-06], "81": [0.46015733935488656, 0.18083317091172585], "82": [-0.31775336241677393, 0.3709459836926008], "83": [0.8868542998455673, 0.0006241807350947209], "84": [0.17752507291971892, 0.6236726920372664], "85": [0.3479620470782647, 0.3244911643323676], "86": [0.5349568784384567, 0.11108833030248295], "87": [-0.2507656985770225, 0.48466273959120354], "88": [0.5325752187591567, 0.11299342831936585], "89": [0.5272727272727272, 0.11730806555020223], "90": [-0.018406293574195463, 0.9597498710616379], "91": [-0.6271129383201788, 0.0523027863969688], "92": [0.26969983606514136, 0.4511043166241341], "93": [0.16162704595880897, 0.6555331032057026], "94": [0.18389242812245682, 0.6110646833870554], "95": [0.6727272727272726, 0.0330412225454377], "96": [0.26382354123013496, 0.4614050713614083], "97": [0.7416447632896788, 0.014075178336931775], "98": [0.11196994655985941, 0.7581135178016536], "99": [0.28484848484848485, 0.42503815489214547]}}