{"0": {"0": [0.8909090909090909, 0.0005421442248338665], "1": [-0.11515151515151514, 0.7514196523258483], "2": [0.5272727272727272, 0.11730806555020223], "3": [0.35757575757575755, 0.3103760917056799], "4": [0.6848484848484848, 0.02888279750673276], "5": [0.8545454545454544, 0.0016368033159867143], "6": [0.5878787878787878, 0.07387770688865801], "7": [0.6363636363636362, 0.04791172612997547], "8": [0.24848484848484845, 0.48877630451924314], "9": [0.6121212121212121, 0.05997214247725524], "10": [0.23636363636363633, 0.5108853175152002], "11": [0.35757575757575755, 0.3103760917056799], "12": [0.7575757575757575, 0.011143446799694208], "13": [0.4424242424242424, 0.20042268671194224], "14": [0.33333333333333326, 0.34659350708733405], "15": [0.8545454545454544, 0.0016368033159867143], "16": [0.5393939393939393, 0.1075931877824148], "17": [0.28484848484848485, 0.42503815489214547], "18": [0.7454545454545454, 0.013330146315440047], "19": [0.7333333333333332, 0.01580059625057158], "20": [0.34545454545454546, 0.32822651147136733], "21": [0.5878787878787878, 0.07387770688865801], "22": [0.7454545454545454, 0.013330146315440047], "23": [0.6606060606060605, 0.03758837757140939], "24": [0.6606060606060605, 0.03758837757140939], "25": [0.09090909090909088, 0.8027717312071619], "26": [0.7454545454545454, 0.013330146315440047], "27": [-0.33333333333333326, 0.34659350708733405], "28": [0.6727272727272726, 0.0330412225454377], "29": [0.37690143708164003, 0.2830033650057079], "30": [0.06666666666666665, 0.8548130882487426], "31": [0.8424242424242423, 0.0022200312259168407], "32": [0.6969696969696969, 0.02509667588225183], "33": [0.2857156055296304, 0.42356778382654603], "34": [0.5757575757575757, 0.08155281477260236], "35": [0.8303030303030302, 0.0029402270232795065], "36": [0.4424242424242424, 0.20042268671194224], "37": [0.2727272727272727, 0.44583834154275137], "38": [0.6443798763008685, 0.04431151432143616], "39": [0.8267515394048879, 0.0031797140860104155], "40": [0.406060606060606, 0.24428229408662638], "41": [0.4424242424242424, 0.20042268671194224], "42": [0.49090909090909085, 0.14965567342083677], "43": [0.5393939393939393, 0.1075931877824148], "44": [0.8909090909090909, 0.0005421442248338665], "45": [0.7818181818181817, 0.007547007781067878], "46": [0.5878787878787878, 0.07387770688865801], "47": [0.4424242424242424, 0.20042268671194224], "48": [0.9393939393939393, 5.484052998513666e-05], "49": [0.09090909090909088, 0.8027717312071619], "50": [0.5757575757575757, 0.08155281477260236], "51": [0.5878787878787878, 0.07387770688865801], "52": [0.7333333333333332, 0.01580059625057158], "53": [0.3696969696969697, 0.2930500752928223], "54": [0.13939393939393938, 0.7009318849100584], "55": [-0.07878787878787878, 0.8287173946974606], "56": [0.18237166310401937, 0.6140677514955037], "57": [0.7575757575757575, 0.011143446799694208], "58": [0.12727272727272726, 0.7260570147627894], "59": [0.4787878787878787, 0.1615229280174558], "60": [0.7939393939393938, 0.0060999233136969115], "61": [0.8303030303030302, 0.0029402270232795065], "62": [0.8060606060606059, 0.004862061101964606], "63": [0.12727272727272726, 0.7260570147627894], "64": [-0.01818181818181818, 0.9602404181286243], "65": [0.6686960980480711, 0.034509541651785346], "66": [0.33333333333333326, 0.34659350708733405], "67": [0.32121212121212117, 0.3654683104386702], "68": [0.22424242424242422, 0.5334005612725947], "69": [0.4787878787878787, 0.1615229280174558], "70": [0.6626170426112704, 0.03680640234866444], "71": [0.8787878787878788, 0.0008138621117322101], "72": [0.7454545454545454, 0.013330146315440047], "73": [0.3696969696969697, 0.2930500752928223], "74": [0.9393939393939393, 5.484052998513666e-05], "75": [0.10303030303030303, 0.7769984634438898], "76": [0.06666666666666665, 0.8548130882487426], "77": [0.10303030303030303, 0.7769984634438898], "78": [0.5515151515151515, 0.09840117666963498], "79": [0.5757575757575757, 0.08155281477260236], "80": [0.8424242424242423, 0.0022200312259168407], "81": [0.9393939393939393, 5.484052998513666e-05], "82": [0.8545454545454544, 0.0016368033159867143], "83": [0.32121212121212117, 0.3654683104386702], "84": [0.16363636363636364, 0.6514773427962428], "85": [0.9515151515151514, 2.279854920641689e-05], "86": [0.5757575757575757, 0.08155281477260236], "87": [0.8753839828992931, 0.000905325828257936], "88": [0.18787878787878787, 0.603217610029209], "89": [0.6626170426112704, 0.03680640234866444], "90": [0.6363636363636362, 0.04791172612997547], "91": [0.46808726863364974, 0.17245503609398916], "92": [0.6484848484848483, 0.04254012768448945], "93": [0.4642857142857144, 0.2939341076002517], "94": [0.13839981229538187, 0.7029830875777792], "95": [0.09090909090909088, 0.8027717312071619], "96": [0.6121212121212121, 0.05997214247725524], "97": [0.05454545454545454, 0.8810361811618526], "98": [0.6727272727272726, 0.0330412225454377], "99": [0.8181818181818182, 0.0038149200825507135]}}