{"0": {"0": [0.6969696969696969, 0.02509667588225183], "1": [0.6, 0.06668799999999996], "2": [-0.4846990641204805, 0.15566725143921836], "3": [-0.34971957790971375, 0.3218862439374824], "4": [-0.11515151515151514, 0.7514196523258483], "5": [0.6018264882432639, 0.06564599213625309], "6": [0.1515151515151515, 0.6760651759978538], "7": [-0.5120915564991891, 0.13022365590650223], "8": [0.38905954795524134, 0.2664779212005221], "9": [0.32826899358723494, 0.3544183270183252], "10": [-0.9515151515151514, 2.279854920641689e-05], "11": [-0.13756718788575892, 0.7047023879666584], "12": [-0.050024431958457787, 0.8908449827092436], "13": [0.12884405501936821, 0.7227860826113411], "14": [-0.24848484848484845, 0.48877630451924314], "15": [0.5151515151515151, 0.12755286970323426], "16": [0.39789946034922286, 0.25480360263592366], "17": [-0.4399433835235439, 0.2032574392857641], "18": [0.20483662259967567, 0.5702518795659477], "19": [-0.6227991553292185, 0.054438696140665634], "20": [0.20009772783383115, 0.5793948730136471], "21": [0.7212121212121211, 0.018573155089460208], "22": [0.0, 1.0], "23": [0.12727272727272726, 0.7260570147627894], "24": [-0.5127504275741924, 0.12964569080072638], "25": [-0.12506107989614448, 0.7306676120453806], "26": [0.24848484848484845, 0.48877630451924314], "27": [0.30639964574555395, 0.3892091134519805], "28": [0.6565379871744699, 0.039204386332556754], "29": [-0.5189194439191783, 0.12431108171031302], "30": [-0.10430233025377429, 0.774304654354067], "31": [-0.17575757575757575, 0.6271883447764844], "32": [0.28484848484848485, 0.42503815489214547], "33": [-0.3943699921394939, 0.25943017203909136], "34": [0.3988030274409017, 0.25362657589473037], "35": [-0.5890767338705079, 0.07314571054139454], "36": [0.042948018339789416, 0.9062243097567702], "37": [-0.2553203283456271, 0.47649345335133597], "38": [0.7598819296000807, 0.010758005132716318], "39": [-0.1874873733122184, 0.6039864983022589], "40": [0.43316048316960803, 0.21112588243822736], "41": [-0.15704141065975133, 0.6648193783045886], "42": [0.2813874297663251, 0.4309306401692855], "43": [NaN, NaN], "44": [0.5690279135274574, 0.0860275419295911], "45": [0.6141827746434741, 0.058876187856663494], "46": [-0.3129069907613229, 0.37868901667234744], "47": [0.9515151515151514, 2.279854920641689e-05], "48": [0.6606060606060605, 0.03758837757140939], "49": [-0.3004270464795243, 0.39898780712414983], "50": [0.7176240840571119, 0.019454483877960033], "51": [0.8303030303030302, 0.0029402270232795065], "52": [-0.10430233025377429, 0.774304654354067], "53": [-0.3004270464795243, 0.39898780712414983], "54": [0.35258521533443743, 0.31766237942092473], "55": [0.3619904402925108, 0.30400466202339305], "56": [0.5515151515151515, 0.09840117666963498], "57": [0.16565664216775916, 0.6474077386053476], "58": [-0.23115669303779424, 0.5205084159633655], "59": [0.2901294265928297, 0.4161202535070595], "60": [0.4233290200393297, 0.2228371337334357], "61": [0.4073001558161986, 0.24270590143017565], "62": [0.16363636363636364, 0.6514773427962428], "63": [0.2650683553724467, 0.45921430011338593], "64": [0.3167890100792656, 0.37248043817542403], "65": [0.11657319263657127, 0.748433303989289], "66": [0.00682788741998919, 0.9850646925664868], "67": [-0.1874873733122184, 0.6039864983022589], "68": [0.3027495893961478, 0.3951712933485605], "69": [-0.4073001558161986, 0.24270590143017565], "70": [-0.008649988268461367, 0.9810795663754146], "71": [0.19999999999999998, 0.5795840000000001], "72": [0.32063670324597265, 0.3663767995194704], "73": [-0.6213377552190162, 0.05517518255110522], "74": [-0.41107388982369863, 0.23794186616753052], "75": [0.019395245515057075, 0.9575888568713233], "76": [0.8303030303030302, 0.0029402270232795065], "77": [-0.4061811972299616, 0.2441286818964912], "78": [0.6319494127140443, 0.04997508741133867], "79": [0.717845449393623, 0.01939928907360013], "80": [-0.1563263498701806, 0.6662711764248134], "81": [-0.09693667772552661, 0.7899323732727863], "82": [-0.5705951008000594, 0.08497172598894799], "83": [-0.025949964805384102, 0.9432726625041241], "84": [-0.5107414652298363, 0.13141292504370805], "85": [0.17792750455055614, 0.6228731846521808], "86": [-0.6400431019968835, 0.04623587996921741], "87": [-0.12109983575845912, 0.7389449350734953], "88": [-0.16883245785979503, 0.6410274493173327], "89": [-0.6, 0.06668799999999996], "90": [-0.46200821319684915, 0.17885658556184694], "91": [0.5064973735793852, 0.1351949719311806], "92": [0.4439668336313129, 0.198671701174244], "93": [0.24848484848484845, 0.48877630451924314], "94": [-0.19894973017461143, 0.5816179825309529], "95": [-0.4233290200393297, 0.2228371337334357], "96": [-0.042948018339789416, 0.9062243097567702], "97": [0.06711000765613381, 0.8538562386421884], "98": [0.4846990641204805, 0.15566725143921836], "99": [-0.11880802590133725, 0.7437449523154919]}}