{"0": {"0": [0.7575757575757575, 0.011143446799694208], "1": [-0.5107414652298363, 0.13141292504370805], "2": [0.5107414652298363, 0.13141292504370805], "3": [-0.058185736545171236, 0.873148747673779], "4": [0.33333333333333326, 0.34659350708733405], "5": [0.6606060606060605, 0.03758837757140939], "6": [-0.24607002807249062, 0.4931477634399116], "7": [-0.2248996949799955, 0.5321695265251559], "8": [0.32218993815043423, 0.36392707596751084], "9": [-0.36870592067941615, 0.2944468207486688], "10": [0.5803704306990811, 0.0785740587786047], "11": [0.6827887419989189, 0.02956271788389563], "12": [0.06711000765613381, 0.8538562386421884], "13": [0.21624970671153415, 0.5484614880116812], "14": [0.6808542089216724, 0.03021117068836832], "15": [0.10303030303030303, 0.7769984634438898], "16": [-0.6691329671589404, 0.034348320459470706], "17": [0.41818181818181815, 0.22911284098281892], "18": [0.10942299786241164, 0.7634826463741492], "19": [NaN, NaN], "20": [0.7333333333333332, 0.01580059625057158], "21": [0.07976060548818034, 0.8266294205655288], "22": [0.3719494955438387, 0.2898886711708534], "23": [0.44985010232324774, 0.1920756967225873], "24": [0.49090909090909085, 0.14965567342083677], "25": [-0.03459995307384547, 0.9244031472639529], "26": [0.36537670835006186, 0.299164843623496], "27": [-0.08128970193249391, 0.8233491709440697], "28": [0.09379580992210836, 0.7966172454147068], "29": [0.24607002807249062, 0.4931477634399116], "30": [0.42334475220649564, 0.2228181042830319], "31": [-0.058025885318565944, 0.8734948923712951], "32": [0.14338563581977296, 0.692713356852729], "33": [0.33333333333333326, 0.34659350708733405], "34": [0.6747751534848716, 0.0323118085420257], "35": [0.2335496832484569, 0.5160766337811764], "36": [-0.11607408613981621, 0.7494813765116057], "37": [0.04096732451993513, 0.9105342307299686], "38": [-0.12884405501936821, 0.7227860826113411], "39": [-0.27679962459076374, 0.4387991966448961], "40": [0.4399433835235439, 0.2032574392857641], "41": [0.23214817227963241, 0.5186703153956451], "42": [0.5878787878787878, 0.07387770688865801], "43": [0.6487300740092935, 0.042435837569708444], "44": [0.22701095408174404, 0.5282230346638654], "45": [-0.09090909090909088, 0.8027717312071619], "46": [NaN, NaN], "47": [0.43698479487930814, 0.20666828652697422], "48": [0.2901294265928297, 0.4161202535070595], "49": [-0.09693667772552661, 0.7899323732727863], "50": [0.7939393939393938, 0.0060999233136969115], "51": [0.13756718788575892, 0.7047023879666584], "52": [0.26382354123013496, 0.4614050713614083], "53": [0.3404271044608362, 0.3357822630985314], "54": [-0.0682788741998919, 0.8513343342996051], "55": [0.03728333758674101, 0.9185559730106301], "56": [0.5236716289065411, 0.12029607512162191], "57": [0.17752507291971892, 0.6236726920372664], "58": [0.5592731001856595, 0.09278876749399557], "59": [0.4506405697192864, 0.19119937571179058], "60": [-0.14704980056384323, 0.6851944898569531], "61": [0.24607002807249062, 0.4931477634399116], "62": [0.23100410659842457, 0.5207915330258043], "63": [0.2392080280190373, 0.5056601006121273], "64": [0.26382354123013496, 0.4614050713614083], "65": [0.007456667517348202, 0.9836894467235675], "66": [0.5092407888860745, 0.13274267581496021], "67": [0.5222329678670935, 0.12150291881711318], "68": [0.5940401295066863, 0.07016314998583552], "69": [0.19894973017461143, 0.5816179825309529], "70": [-0.018406293574195463, 0.9597498710616379], "71": [-0.3504633733153655, 0.3207871171095401], "72": [0.02731154967995676, 0.9403005294339523], "73": [-0.38768934767804786, 0.2683132282901571], "74": [0.23928181646454103, 0.5055248490013543], "75": [-0.35505014583943784, 0.3140524544456475], "76": [0.22510994381306007, 0.531775983654639], "77": [NaN, NaN], "78": [0.058025885318565944, 0.8734948923712951], "79": [-0.4061811972299616, 0.2441286818964912], "80": [0.058025885318565944, 0.8734948923712951], "81": [-0.1740776559556978, 0.6305360755569764], "82": [-0.21849239743965407, 0.544218677620746], "83": [0.1313141338909517, 0.7176524583232446], "84": [0.34369241240997994, 0.3308647389219693], "85": [-0.24607002807249062, 0.4931477634399116], "86": [-0.03413943709994595, 0.9254069601426549], "87": [0.6785567440786863, 0.030993784455412843], "88": [-0.6133080702149823, 0.05933956602019064], "89": [-0.06919990614769093, 0.8493480024065823], "90": [-0.2006088294144213, 0.5784061446498445], "91": [0.35464951900691605, 0.3146377079404608], "92": [-0.5753922836133599, 0.08179176568254169], "93": [0.6848484848484848, 0.02888279750673276], "94": [0.7006490497453708, 0.02401850924875498], "95": [0.12884405501936821, 0.7227860826113411], "96": [0.4399433835235439, 0.2032574392857641], "97": [-0.20668788485122197, 0.5666951380068741], "98": [0.050024431958457787, 0.8908449827092436], "99": [-0.6039900689052043, 0.06442554016553494]}}