{"0": {"0": [0.5636363636363636, 0.08972402831709125], "1": [0.33333333333333326, 0.34659350708733405], "2": [0.06666666666666665, 0.8548130882487426], "3": [0.33333333333333326, 0.34659350708733405], "4": [0.709090909090909, 0.021665923367532435], "5": [0.6848484848484848, 0.02888279750673276], "6": [0.406060606060606, 0.24428229408662638], "7": [0.4666666666666666, 0.17393859716506632], "8": [0.309090909090909, 0.3848412302612835], "9": [0.5878787878787878, 0.07387770688865801], "10": [-0.2006088294144213, 0.5784061446498445], "11": [0.7939393939393938, 0.0060999233136969115], "12": [-0.4545454545454545, 0.186904810349332], "13": [0.2901294265928297, 0.4161202535070595], "14": [0.22424242424242422, 0.5334005612725947], "15": [0.24848484848484845, 0.48877630451924314], "16": [0.4424242424242424, 0.20042268671194224], "17": [0.7696969696969697, 0.009221952722215994], "18": [0.29696969696969694, 0.4047016712701569], "19": [0.6848484848484848, 0.02888279750673276], "20": [-0.07878787878787878, 0.8287173946974606], "21": [0.709090909090909, 0.021665923367532435], "22": [0.38181818181818183, 0.27625533338543595], "23": [0.07878787878787878, 0.8287173946974606], "24": [0.4787878787878787, 0.1615229280174558], "25": [0.49090909090909085, 0.14965567342083677], "26": [0.006060606060606061, 0.9867429111949892], "27": [0.23636363636363633, 0.5108853175152002], "28": [0.2606060606060606, 0.4670890543863402], "29": [0.2024692293161501, 0.5748125526418609], "30": [0.35757575757575755, 0.3103760917056799], "31": [-0.28484848484848485, 0.42503815489214547], "32": [0.12727272727272726, 0.7260570147627894], "33": [0.32121212121212117, 0.3654683104386702], "34": [0.05454545454545454, 0.8810361811618526], "35": [-0.2978737164032316, 0.4032038726329136], "36": [-0.33333333333333326, 0.34659350708733405], "37": [0.7696969696969697, 0.009221952722215994], "38": [0.35757575757575755, 0.3103760917056799], "39": [0.2121212121212121, 0.5563057751029299], "40": [-0.01818181818181818, 0.9602404181286243], "41": [-0.406060606060606, 0.24428229408662638], "42": [0.4545454545454545, 0.186904810349332], "43": [0.18787878787878787, 0.603217610029209], "44": [0.09090909090909088, 0.8027717312071619], "45": [0.23636363636363633, 0.5108853175152002], "46": [0.042948018339789416, 0.9062243097567702], "47": [0.05454545454545454, 0.8810361811618526], "48": [-0.33333333333333326, 0.34659350708733405], "49": [0.05454545454545454, 0.8810361811618526], "50": [0.709090909090909, 0.021665923367532435], "51": [0.06666666666666665, 0.8548130882487426], "52": [0.32121212121212117, 0.3654683104386702], "53": [0.4545454545454545, 0.186904810349332], "54": [0.34545454545454546, 0.32822651147136733], "55": [0.06666666666666665, 0.8548130882487426], "56": [-0.23100410659842457, 0.5207915330258043], "57": [0.5636363636363636, 0.08972402831709125], "58": [-0.16363636363636364, 0.6514773427962428], "59": [0.12727272727272726, 0.7260570147627894], "60": [0.2121212121212121, 0.5563057751029299], "61": [0.22424242424242422, 0.5334005612725947], "62": [0.4666666666666666, 0.17393859716506632], "63": [0.3039527718400323, 0.3932011151432977], "64": [-0.8510677611520905, 0.0017911300301950417], "65": [0.33333333333333326, 0.34659350708733405], "66": [0.5878787878787878, 0.07387770688865801], "67": [0.37426130267530777, 0.2866631890735267], "68": [0.6242424242424242, 0.053717767217167395], "69": [0.35757575757575755, 0.3103760917056799], "70": [0.2727272727272727, 0.44583834154275137], "71": [0.12727272727272726, 0.7260570147627894], "72": [-0.3939393939393939, 0.25999776683488757], "73": [0.6848484848484848, 0.02888279750673276], "74": [0.13939393939393938, 0.7009318849100584], "75": [0.23636363636363633, 0.5108853175152002], "76": [-0.18787878787878787, 0.603217610029209], "77": [0.35757575757575755, 0.3103760917056799], "78": [0.01818181818181818, 0.9602404181286243], "79": [0.13939393939393938, 0.7009318849100584], "80": [0.5757575757575757, 0.08155281477260236], "81": [0.23636363636363633, 0.5108853175152002], "82": [0.4424242424242424, 0.20042268671194224], "83": [0.5878787878787878, 0.07387770688865801], "84": [0.24316221747202585, 0.49843371099777956], "85": [-0.3696969696969697, 0.2930500752928223], "86": [0.2121212121212121, 0.5563057751029299], "87": [0.7659609850368815, 0.00978703990340832], "88": [-0.006060606060606061, 0.9867429111949892], "89": [0.4787878787878787, 0.1615229280174558], "90": [0.7696969696969697, 0.009221952722215994], "91": [0.22424242424242422, 0.5334005612725947], "92": [-0.05454545454545454, 0.8810361811618526], "93": [0.19999999999999998, 0.5795840000000001], "94": [0.23708316203522517, 0.5095614092618308], "95": [0.49090909090909085, 0.14965567342083677], "96": [-0.26747843921922837, 0.4549860079540271], "97": [0.5393939393939393, 0.1075931877824148], "98": [0.4666666666666666, 0.17393859716506632], "99": [0.5878787878787878, 0.07387770688865801]}}