{"0": {"0": [0.18787878787878787, 0.603217610029209], "1": [NaN, NaN], "2": [-0.5222329678670935, 0.12150291881711318], "3": [-0.03039527718400323, 0.9335717251179997], "4": [-0.10303030303030303, 0.7769984634438898], "5": [-0.006060606060606061, 0.9867429111949892], "6": [0.2901294265928297, 0.4161202535070595], "7": [0.6687619998624351, 0.0344851886232837], "8": [NaN, NaN], "9": [0.6785567440786863, 0.030993784455412843], "10": [0.05454545454545454, 0.8810361811618526], "11": [0.2727272727272727, 0.44583834154275137], "12": [-0.06666666666666665, 0.8548130882487426], "13": [0.0521966726214374, 0.8861303536160944], "14": [-0.3209107087394919, 0.3659440505528036], "15": [0.16162704595880897, 0.6555331032057026], "16": [NaN, NaN], "17": [-0.5215116512688716, 0.12211083031892074], "18": [0.0614509867799027, 0.8660824325635182], "19": [-0.8056907155587243, 0.004896920912161658], "20": [-0.7128481554080236, 0.02067192652008198], "21": [0.16363636363636364, 0.6514773427962428], "22": [0.14869688228210426, 0.6818227248382321], "23": [0.3439179697143973, 0.3305264309208817], "24": [-0.11515151515151514, 0.7514196523258483], "25": [NaN, NaN], "26": [0.5257473313391675, 0.11856804125714046], "27": [0.2006088294144213, 0.5784061446498445], "28": [0.03232540919176179, 0.9293620101414009], "29": [NaN, NaN], "30": [0.07878787878787878, 0.8287173946974606], "31": [-0.1533857797849622, 0.67225190847117], "32": [0.3167890100792656, 0.37248043817542403], "33": [0.1515151515151515, 0.6760651759978538], "34": [NaN, NaN], "35": [0.007456667517348202, 0.9836894467235675], "36": [-0.43771377963650565, 0.20582481567483363], "37": [0.1740776559556978, 0.6305360755569764], "38": [-0.34545454545454546, 0.32822651147136733], "39": [-0.3501710237092045, 0.3212188966683137], "40": [0.2389760596996216, 0.5060853892829413], "41": [0.2063507818286384, 0.5673421653030597], "42": [0.5583242384172624, 0.09346396626964014], "43": [0.41818181818181815, 0.22911284098281892], "44": [-0.07784989441615231, 0.830731709159245], "45": [0.2901294265928297, 0.4161202535070595], "46": [-0.006060606060606061, 0.9867429111949892], "47": [0.21334770066562786, 0.5539708535058016], "48": [0.18845071854082002, 0.6020947513149705], "49": [-0.21624970671153415, 0.5484614880116812], "50": [0.5222329678670935, 0.12150291881711318], "51": [0.2262778643423326, 0.529592020309138], "52": [-0.7006490497453708, 0.02401850924875498], "53": [-0.0521966726214374, 0.8861303536160944], "54": [0.4061811972299616, 0.2441286818964912], "55": [0.058025885318565944, 0.8734948923712951], "56": [0.29696969696969694, 0.4047016712701569], "57": [0.709090909090909, 0.021665923367532435], "58": [-0.1297498240269205, 0.720902433087236], "59": [-0.6487300740092935, 0.042435837569708444], "60": [-0.26098336310718706, 0.4664209165518821], "61": [0.2867712716395459, 0.42178090783152866], "62": [0.5636363636363636, 0.08972402831709125], "63": [0.8629214512833968, 0.001304870143332121], "64": [0.3373495424699933, 0.3404511339182427], "65": [0.14589733048321551, 0.6875567115411831], "66": [-0.3129069907613229, 0.37868901667234744], "67": [-0.5222329678670935, 0.12150291881711318], "68": [-0.11515151515151514, 0.7514196523258483], "69": [0.17508551185460225, 0.6285268974874605], "70": [-0.3892494720807615, 0.2662240730692272], "71": [0.6121212121212121, 0.05997214247725524], "72": [-0.09693667772552661, 0.7899323732727863], "73": [-0.4846990641204805, 0.15566725143921836], "74": [0.019395245515057075, 0.9575888568713233], "75": [-0.10004886391691557, 0.783320692702214], "76": [0.41011671345415107, 0.23914520542907433], "77": [-0.5222329678670935, 0.12150291881711318], "78": [NaN, NaN], "79": [-0.12283655492869483, 0.7353129025554093], "80": [-0.3404271044608362, 0.3357822630985314], "81": [-0.04377137796365056, 0.9044333503367094], "82": [0.020483662259967565, 0.9552107846379219], "83": [-0.1267633477949194, 0.727118216349204], "84": [-0.1740776559556978, 0.6305360755569764], "85": [-0.2901294265928297, 0.4161202535070595], "86": [-0.03039527718400323, 0.9335717251179997], "87": [-0.23928181646454103, 0.5055248490013543], "88": [-0.342649337432675, 0.33243154241313017], "89": [0.38181818181818183, 0.27625533338543595], "90": [0.2606060606060606, 0.4670890543863402], "91": [-0.21166451001966485, 0.5571761964198673], "92": [NaN, NaN], "93": [-0.5189194439191783, 0.12431108171031302], "94": [0.03459995307384547, 0.9244031472639529], "95": [-0.16363636363636364, 0.6514773427962428], "96": [NaN, NaN], "97": [-0.27589669814188345, 0.4403555093154673], "98": [0.39601747035937296, 0.2572648621796307], "99": [0.18787878787878787, 0.603217610029209]}}