{"0": {"0": [-0.06666666666666667, 0.8618005952380953], "1": [0.1111111111111111, 0.7274895282186948], "2": [0.3333333333333333, 0.21637345679012346], "3": [0.6888888888888888, 0.00468694885361552], "4": [0.6444444444444444, 0.009148478835978836], "5": [0.28888888888888886, 0.2912483465608466], "6": [0.28888888888888886, 0.2912483465608466], "7": [-0.06666666666666667, 0.8618005952380953], "8": [0.4666666666666666, 0.07255015432098766], "9": [0.06666666666666667, 0.8618005952380953], "10": [0.4222222222222222, 0.10831349206349207], "11": [0.3333333333333333, 0.21637345679012346], "12": [0.15555555555555553, 0.6006536596119929], "13": [0.28888888888888886, 0.2912483465608466], "14": [0.37777777777777777, 0.1557418430335097], "15": [-0.31462660248284624, 0.2086677876982641], "16": [0.5111111111111111, 0.04662257495590829], "17": [-0.022222222222222223, 1.0], "18": [0.6, 0.016666115520282188], "19": [0.06666666666666667, 0.8618005952380953], "20": [0.5555555555555555, 0.02860945767195767], "21": [0.24444444444444444, 0.38071979717813054], "22": [0.1111111111111111, 0.7274895282186948], "23": [0.4666666666666666, 0.07255015432098766], "24": [-0.15555555555555553, 0.6006536596119929], "25": [0.24444444444444444, 0.38071979717813054], "26": [-0.24444444444444444, 0.38071979717813054], "27": [0.5111111111111111, 0.04662257495590829], "28": [0.1111111111111111, 0.7274895282186948], "29": [-0.022222222222222223, 1.0], "30": [-0.06666666666666667, 0.8618005952380953], "31": [0.5555555555555555, 0.02860945767195767], "32": [0.7333333333333333, 0.002212852733686067], "33": [-0.022222222222222223, 1.0], "34": [0.28888888888888886, 0.2912483465608466], "35": [0.19999999999999998, 0.4843127204585538], "36": [0.4666666666666666, 0.07255015432098766], "37": [0.5555555555555555, 0.02860945767195767], "38": [0.4666666666666666, 0.07255015432098766], "39": [-0.06666666666666667, 0.8618005952380953], "40": [0.19999999999999998, 0.4843127204585538], "41": [0.37777777777777777, 0.1557418430335097], "42": [-0.28888888888888886, 0.2912483465608466], "43": [0.28888888888888886, 0.2912483465608466], "44": [0.3333333333333333, 0.21637345679012346], "45": [0.4666666666666666, 0.07255015432098766], "46": [-0.022222222222222223, 1.0], "47": [0.19999999999999998, 0.4843127204585538], "48": [0.28888888888888886, 0.2912483465608466], "49": [0.06666666666666667, 0.8618005952380953], "50": [0.37777777777777777, 0.1557418430335097], "51": [0.37777777777777777, 0.1557418430335097], "52": [0.1111111111111111, 0.7274895282186948], "53": [0.37777777777777777, 0.1557418430335097], "54": [0.4666666666666666, 0.07255015432098766], "55": [0.28888888888888886, 0.2912483465608466], "56": [0.8222222222222221, 0.0003576940035273369], "57": [-0.15555555555555553, 0.6006536596119929], "58": [0.19999999999999998, 0.4843127204585538], "59": [-0.022222222222222223, 1.0], "60": [0.37777777777777777, 0.1557418430335097], "61": [0.37777777777777777, 0.1557418430335097], "62": [0.6, 0.016666115520282188], "63": [0.1111111111111111, 0.7274895282186948], "64": [0.8666666666666666, 0.00011518959435626102], "65": [0.22473328748774737, 0.36917141633269157], "66": [0.5111111111111111, 0.04662257495590829], "67": [-0.19999999999999998, 0.4843127204585538], "68": [0.5555555555555555, 0.02860945767195767], "69": [0.3333333333333333, 0.21637345679012346], "70": [0.1111111111111111, 0.7274895282186948], "71": [0.7333333333333333, 0.002212852733686067], "72": [0.4222222222222222, 0.10831349206349207], "73": [0.5111111111111111, 0.04662257495590829], "74": [0.19999999999999998, 0.4843127204585538], "75": [0.1111111111111111, 0.7274895282186948], "76": [0.4222222222222222, 0.10831349206349207], "77": [0.4222222222222222, 0.10831349206349207], "78": [0.3333333333333333, 0.21637345679012346], "79": [0.5111111111111111, 0.04662257495590829], "80": [0.15555555555555553, 0.6006536596119929], "81": [0.37777777777777777, 0.1557418430335097], "82": [0.5520524474738834, 0.02934510817484185], "83": [0.4666666666666666, 0.07255015432098766], "84": [0.19999999999999998, 0.4843127204585538], "85": [0.4666666666666666, 0.07255015432098766], "86": [0.24444444444444444, 0.38071979717813054], "87": [0.4222222222222222, 0.10831349206349207], "88": [0.7333333333333333, 0.002212852733686067], "89": [0.022222222222222223, 1.0], "90": [0.37777777777777777, 0.1557418430335097], "91": [0.15555555555555553, 0.6006536596119929], "92": [0.1111111111111111, 0.7274895282186948], "93": [0.3333333333333333, 0.21637345679012346], "94": [-0.022222222222222223, 1.0], "95": [-0.15555555555555553, 0.6006536596119929], "96": [0.3333333333333333, 0.21637345679012346], "97": [0.37777777777777777, 0.1557418430335097], "98": [0.28888888888888886, 0.2912483465608466], "99": [0.6888888888888888, 0.00468694885361552]}}