{"0": {"0": [0.06666666666666667, 0.8618005952380953], "1": [0.0, 1.0], "2": [0.24444444444444444, 0.38071979717813054], "3": [0.31462660248284624, 0.2086677876982641], "4": [0.4140393356054125, 0.10223484473548784], "5": [-0.19999999999999998, 0.4843127204585538], "6": [-0.35805743701971643, 0.16431086269141681], "7": [-0.10846522890932808, 0.6977358290647566], "8": [0.06666666666666667, 0.8618005952380953], "9": [-0.19999999999999998, 0.4843127204585538], "10": [0.28888888888888886, 0.2912483465608466], "11": [0.15555555555555553, 0.6006536596119929], "12": [-0.06666666666666667, 0.8618005952380953], "13": [0.0, 1.0], "14": [-0.28888888888888886, 0.2912483465608466], "15": [0.08989331499509895, 0.7194375444233914], "16": [0.3333333333333333, 0.21637345679012346], "17": [0.022222222222222223, 1.0], "18": [0.37777777777777777, 0.1557418430335097], "19": [0.4222222222222222, 0.10831349206349207], "20": [0.19999999999999998, 0.4843127204585538], "21": [0.22473328748774737, 0.36917141633269157], "22": [0.5555555555555555, 0.02860945767195767], "23": [-0.022222222222222223, 1.0], "24": [-0.19999999999999998, 0.4843127204585538], "25": [0.3333333333333333, 0.21637345679012346], "26": [0.24444444444444444, 0.38071979717813054], "27": [0.24444444444444444, 0.38071979717813054], "28": [-0.07161148740394328, 0.7809020799520818], "29": [-0.4944132324730442, 0.04819348829319077], "30": [0.18401748249129446, 0.46767140390417383], "31": [0.36514837167011077, 0.18152138952609564], "32": [-0.2771739468734333, 0.2905819610245267], "33": [0.19999999999999998, 0.4843127204585538], "34": [-0.022222222222222223, 1.0], "35": [0.6888888888888888, 0.00468694885361552], "36": [-0.06666666666666667, 0.8618005952380953], "37": [0.13483997249264842, 0.590013887163346], "38": [0.24444444444444444, 0.38071979717813054], "39": [-0.36514837167011077, 0.18152138952609564], "40": [-0.4260064336151292, 0.11905172683965022], "41": [0.31462660248284624, 0.2086677876982641], "42": [0.18257418583505539, 0.5041063636520798], "43": [0.24444444444444444, 0.38071979717813054], "44": [-0.06666666666666667, 0.8618005952380953], "45": [-0.23002185311411807, 0.36396207510247747], "46": [0.4535394202249742, 0.07814087264538563], "47": [0.28888888888888886, 0.2912483465608466], "48": [-0.06666666666666667, 0.8618005952380953], "49": [-0.07559289460184544, 0.7731701679903896], "50": [-0.17638342073763935, 0.5012411004865835], "51": [0.24444444444444444, 0.38071979717813054], "52": [0.08989331499509895, 0.7194375444233914], "53": [0.26967994498529685, 0.2811980995641792], "54": [0.1111111111111111, 0.7274895282186948], "55": [0.11935247900657214, 0.6429538668866239], "56": [0.06666666666666667, 0.8618005952380953], "57": [-0.15555555555555553, 0.6006536596119929], "58": [0.7777777777777777, 0.0009463183421516755], "59": [-0.1111111111111111, 0.7274895282186948], "60": [0.22473328748774737, 0.36917141633269157], "61": [0.40451991747794525, 0.10599754842494571], "62": [0.31462660248284624, 0.2086677876982641], "63": [-0.35805743701971643, 0.16431086269141681], "64": [0.19999999999999998, 0.4843127204585538], "65": [-0.37777777777777777, 0.1557418430335097], "66": [-0.3680349649825889, 0.14634982666257296], "67": [0.5111111111111111, 0.04662257495590829], "68": [0.09200874124564723, 0.7165029052613134], "69": [-0.167093470609201, 0.5163371619568604], "70": [0.24444444444444444, 0.38071979717813054], "71": [0.06666666666666667, 0.8618005952380953], "72": [-0.06666666666666667, 0.8618005952380953], "73": [0.5111111111111111, 0.04662257495590829], "74": [0.0, 1.0], "75": [0.15555555555555553, 0.6006536596119929], "76": [0.5843065474681431, 0.019550269092885535], "77": [0.4354648431614539, 0.10366227301829672], "78": [0.37777777777777777, 0.1557418430335097], "79": [0.0, 1.0], "80": [0.06666666666666667, 0.8618005952380953], "81": [0.06666666666666667, 0.8618005952380953], "82": [-0.044946657497549475, 0.8574624419592412], "83": [0.022222222222222223, 1.0], "84": [0.15555555555555553, 0.6006536596119929], "85": [-0.06666666666666667, 0.8618005952380953], "86": [0.24444444444444444, 0.38071979717813054], "87": [0.06666666666666667, 0.8618005952380953], "88": [0.1111111111111111, 0.7274895282186948], "89": [0.24444444444444444, 0.38071979717813054], "90": [0.022222222222222223, 1.0], "91": [-0.15555555555555553, 0.6006536596119929], "92": [0.19999999999999998, 0.4843127204585538], "93": [0.6445033866354896, 0.012304364739182177], "94": [-0.02387049580131443, 0.9261303343304063], "95": [0.06666666666666667, 0.8618005952380953], "96": [-0.22473328748774737, 0.36917141633269157], "97": [0.3333333333333333, 0.21637345679012346], "98": [-0.4666666666666666, 0.07255015432098766], "99": [-0.13483997249264842, 0.590013887163346]}}