{"0": {"0": [0.24444444444444444, 0.38071979717813054], "1": [-0.22473328748774737, 0.36917141633269157], "2": [0.15555555555555553, 0.6006536596119929], "3": [0.15555555555555553, 0.6006536596119929], "4": [0.5843065474681431, 0.019550269092885535], "5": [0.0, 1.0], "6": [0.15555555555555553, 0.6006536596119929], "7": [0.06666666666666667, 0.8618005952380953], "8": [0.4354648431614539, 0.10366227301829672], "9": [0.28888888888888886, 0.2912483465608466], "10": [-0.13483997249264842, 0.590013887163346], "11": [0.19999999999999998, 0.4843127204585538], "12": [0.15555555555555553, 0.6006536596119929], "13": [0.5555555555555555, 0.02860945767195767], "14": [0.022222222222222223, 1.0], "15": [0.18401748249129446, 0.46767140390417383], "16": [0.23002185311411807, 0.36396207510247747], "17": [0.24444444444444444, 0.38071979717813054], "18": [0.5393598899705937, 0.03114121059579671], "19": [0.1797866299901979, 0.47249761400068846], "20": [-0.18401748249129446, 0.46767140390417383], "21": [-0.08989331499509895, 0.7194375444233914], "22": [-0.08989331499509895, 0.7194375444233914], "23": [-0.17638342073763935, 0.5012411004865835], "24": [0.15555555555555553, 0.6006536596119929], "25": [0.19999999999999998, 0.4843127204585538], "26": [0.6888888888888888, 0.00468694885361552], "27": [-0.21483446221182986, 0.40403816195351616], "28": [0.4222222222222222, 0.10831349206349207], "29": [0.23002185311411807, 0.36396207510247747], "30": [0.40451991747794525, 0.10599754842494571], "31": [0.3333333333333333, 0.21637345679012346], "32": [0.24444444444444444, 0.38071979717813054], "33": [0.4057984286223453, 0.11499183293112149], "34": [0.3333333333333333, 0.21637345679012346], "35": [0.3333333333333333, 0.21637345679012346], "36": [0.5393598899705937, 0.03114121059579671], "37": [0.2760262237369417, 0.27597331801373814], "38": [-0.44946657497549475, 0.07248608508684644], "39": [0.28888888888888886, 0.2912483465608466], "40": [0.3333333333333333, 0.21637345679012346], "41": [-0.06666666666666667, 0.8618005952380953], "42": [-0.2771739468734333, 0.2905819610245267], "43": [0.37777777777777777, 0.1557418430335097], "44": [0.5555555555555555, 0.02860945767195767], "45": [-0.37777777777777777, 0.1557418430335097], "46": [-0.24444444444444444, 0.38071979717813054], "47": [0.4222222222222222, 0.10831349206349207], "48": [0.13483997249264842, 0.590013887163346], "49": [0.32756920994133026, 0.2116652202692184], "50": [0.3333333333333333, 0.21637345679012346], "51": [0.4666666666666666, 0.07255015432098766], "52": [0.24444444444444444, 0.38071979717813054], "53": [0.4222222222222222, 0.10831349206349207], "54": [0.28888888888888886, 0.2912483465608466], "55": [0.7777777777777777, 0.0009463183421516755], "56": [-0.19999999999999998, 0.4843127204585538], "57": [0.6440611887195304, 0.011023416388221447], "58": [0.4666666666666666, 0.07255015432098766], "59": [0.1797866299901979, 0.47249761400068846], "60": [0.5393598899705937, 0.03114121059579671], "61": [-0.37796447300922725, 0.14954135458461507], "62": [-0.32539568672798425, 0.2439639465303466], "63": [-0.1797866299901979, 0.47249761400068846], "64": [0.28888888888888886, 0.2912483465608466], "65": [0.3595732599803958, 0.15076277502664528], "66": [0.28888888888888886, 0.2912483465608466], "67": [0.24444444444444444, 0.38071979717813054], "68": [0.5555555555555555, 0.02860945767195767], "69": [0.4222222222222222, 0.10831349206349207], "70": [0.022222222222222223, 1.0], "71": [0.7777777777777777, 0.0009463183421516755], "72": [0.5111111111111111, 0.04662257495590829], "73": [0.28888888888888886, 0.2912483465608466], "74": [0.1797866299901979, 0.47249761400068846], "75": [-0.022222222222222223, 1.0], "76": [0.37777777777777777, 0.1557418430335097], "77": [-0.13801311186847084, 0.5859565771946524], "78": [0.44946657497549475, 0.07248608508684644], "79": [0.13483997249264842, 0.590013887163346], "80": [0.28888888888888886, 0.2912483465608466], "81": [0.23002185311411807, 0.36396207510247747], "82": [0.5111111111111111, 0.04662257495590829], "83": [0.5060480768510598, 0.0457979388108198], "84": [-0.32539568672798425, 0.2439639465303466], "85": [-0.15555555555555553, 0.6006536596119929], "86": [0.37777777777777777, 0.1557418430335097], "87": [0.4222222222222222, 0.10831349206349207], "88": [0.15555555555555553, 0.6006536596119929], "89": [0.7333333333333333, 0.002212852733686067], "90": [0.6, 0.016666115520282188], "91": [-0.28888888888888886, 0.2912483465608466], "92": [0.1111111111111111, 0.7274895282186948], "93": [0.22473328748774737, 0.36917141633269157], "94": [0.17638342073763935, 0.5012411004865835], "95": [-0.044946657497549475, 0.8574624419592412], "96": [0.4666666666666666, 0.07255015432098766], "97": [0.22473328748774737, 0.36917141633269157], "98": [0.835467353046005, 0.0011744674959572056], "99": [0.7307313144845059, 0.005332504118163441]}}