{"0": {"0": [0.022222222222222223, 1.0], "1": [0.6444444444444444, 0.009148478835978836], "2": [0.0, 1.0], "3": [0.3333333333333333, 0.21637345679012346], "4": [0.6, 0.016666115520282188], "5": [0.1797866299901979, 0.47249761400068846], "6": [0.1111111111111111, 0.7274895282186948], "7": [0.6444444444444444, 0.009148478835978836], "8": [-0.18257418583505539, 0.5041063636520798], "9": [0.6, 0.016666115520282188], "10": [0.5111111111111111, 0.04662257495590829], "11": [0.28888888888888886, 0.2912483465608466], "12": [-0.3265986323710904, 0.22226996949464717], "13": [0.5060480768510598, 0.0457979388108198], "14": [0.08989331499509894, 0.7194375444233914], "15": [0.5555555555555555, 0.02860945767195767], "16": [0.3220305943597652, 0.20373653988950713], "17": [0.5520524474738834, 0.02934510817484185], "18": [-0.05443310539518174, 0.8388075104761388], "19": [0.22473328748774737, 0.36917141633269157], "20": [0.044946657497549475, 0.8574624419592412], "21": [0.3595732599803958, 0.15076277502664528], "22": [-0.022222222222222223, 1.0], "23": [0.7333333333333333, 0.002212852733686067], "24": [0.7191465199607916, 0.004057136032371292], "25": [0.4140393356054125, 0.10223484473548784], "26": [0.19999999999999998, 0.4843127204585538], "27": [0.5111111111111111, 0.04662257495590829], "28": [-0.24444444444444444, 0.38071979717813054], "29": [0.3333333333333333, 0.21637345679012346], "30": [0.6, 0.016666115520282188], "31": [-0.09200874124564723, 0.7165029052613134], "32": [0.7191465199607916, 0.004057136032371292], "33": [-0.02387049580131443, 0.9261303343304063], "34": [-0.02519763153394848, 0.9234595036794621], "35": [0.07559289460184544, 0.7731701679903896], "36": [0.6, 0.016666115520282188], "37": [0.4057984286223453, 0.11499183293112149], "38": [0.13801311186847084, 0.5859565771946524], "39": [0.4140393356054125, 0.10223484473548784], "40": [0.5393598899705937, 0.03114121059579671], "41": [0.24444444444444444, 0.38071979717813054], "42": [0.044946657497549475, 0.8574624419592412], "43": [0.4944132324730442, 0.04819348829319077], "44": [0.37777777777777777, 0.1557418430335097], "45": [0.7333333333333333, 0.002212852733686067], "46": [0.501280411827603, 0.05153405901703816], "47": [0.4944132324730442, 0.04819348829319077], "48": [-0.4140393356054125, 0.10223484473548784], "49": [0.7333333333333333, 0.002212852733686067], "50": [-0.09200874124564723, 0.7165029052613134], "51": [0.19999999999999998, 0.4843127204585538], "52": [0.17638342073763935, 0.5012411004865835], "53": [0.5843065474681431, 0.019550269092885535], "54": [0.4354648431614539, 0.10366227301829672], "55": [0.3333333333333333, 0.21637345679012346], "56": [0.09200874124564723, 0.7165029052613134], "57": [0.23002185311411807, 0.36396207510247747], "58": [-0.046004370622823615, 0.8559215597687727], "59": [0.40451991747794525, 0.10599754842494571], "60": [0.44946657497549475, 0.07248608508684644], "61": [0.7333333333333333, 0.002212852733686067], "62": [0.6888888888888888, 0.00468694885361552], "63": [0.167093470609201, 0.5163371619568604], "64": [-0.044946657497549475, 0.8574624419592412], "65": [0.4318181818181818, 0.08670930750160948], "66": [0.0, 1.0], "67": [0.22473328748774737, 0.36917141633269157], "68": [0.5111111111111111, 0.04662257495590829], "69": [0.06666666666666667, 0.8618005952380953], "70": [0.28888888888888886, 0.2912483465608466], "71": [0.046004370622823615, 0.8559215597687727], "72": [0.3220305943597652, 0.20373653988950713], "73": [0.6888888888888888, 0.00468694885361552], "74": [0.21483446221182986, 0.40403816195351616], "75": [0.5393598899705937, 0.03114121059579671], "76": [0.37777777777777777, 0.1557418430335097], "77": [0.28888888888888886, 0.2912483465608466], "78": [0.6440611887195304, 0.011023416388221447], "79": [0.6, 0.016666115520282188], "80": [0.3333333333333333, 0.21637345679012346], "81": [0.13483997249264842, 0.590013887163346], "82": [-0.12171612389003693, 0.6560583341550846], "83": [0.4666666666666666, 0.07255015432098766], "84": [0.3333333333333333, 0.21637345679012346], "85": [0.15555555555555553, 0.6006536596119929], "86": [0.31462660248284624, 0.2086677876982641], "87": [0.167093470609201, 0.5163371619568604], "88": [0.07559289460184544, 0.7731701679903896], "89": [0.4944132324730442, 0.04819348829319077], "90": [0.31462660248284624, 0.2086677876982641], "91": [0.0, 1.0], "92": [0.3333333333333333, 0.21637345679012346], "93": [0.19999999999999998, 0.4843127204585538], "94": [-0.5443310539518174, 0.0419323909238529], "95": [0.05443310539518174, 0.8388075104761388], "96": [0.37777777777777777, 0.1557418430335097], "97": [0.07559289460184544, 0.7731701679903896], "98": [0.598056818096707, 0.01825586058745929], "99": [0.1111111111111111, 0.7274895282186948]}}