{"0": {"0": [0.24444444444444444, 0.38071979717813054], "1": [0.680336051416609, 0.009484549336147636], "2": [-0.3042903097250923, 0.2655347738734384], "3": [-0.1111111111111111, 0.7274895282186948], "4": [0.5555555555555555, 0.02860945767195767], "5": [0.26967994498529685, 0.2811980995641792], "6": [-0.11935247900657214, 0.6429538668866239], "7": [0.31462660248284624, 0.2086677876982641], "8": [-0.07161148740394328, 0.7809020799520818], "9": [0.3333333333333333, 0.21637345679012346], "10": [-0.36514837167011077, 0.18152138952609564], "11": [-0.3810317377662721, 0.15446576442708193], "12": [0.7333333333333333, 0.002212852733686067], "13": [0.6444444444444444, 0.009148478835978836], "14": [-0.13801311186847084, 0.5859565771946524], "15": [0.37777777777777777, 0.1557418430335097], "16": [0.3333333333333333, 0.21637345679012346], "17": [0.15555555555555553, 0.6006536596119929], "18": [0.5555555555555555, 0.02860945767195767], "19": [-0.26257545381445874, 0.3077948174161401], "20": [0.022222222222222223, 1.0], "21": [0.4944132324730442, 0.04819348829319077], "22": [0.6888888888888888, 0.00468694885361552], "23": [0.37777777777777777, 0.1557418430335097], "24": [0.3595732599803958, 0.15076277502664528], "25": [-0.20385887657505022, 0.4404762652810603], "26": [-0.11935247900657214, 0.6429538668866239], "27": [0.5555555555555555, 0.02860945767195767], "28": [0.5555555555555555, 0.02860945767195767], "29": [-0.2771739468734333, 0.2905819610245267], "30": [-0.2760262237369417, 0.27597331801373814], "31": [0.5111111111111111, 0.04662257495590829], "32": [0.6, 0.016666115520282188], "33": [0.37777777777777777, 0.1557418430335097], "34": [0.06666666666666667, 0.8618005952380953], "35": [0.28888888888888886, 0.2912483465608466], "36": [-0.23002185311411807, 0.36396207510247747], "37": [0.0, 1.0], "38": [0.26967994498529685, 0.2811980995641792], "39": [-0.02387049580131443, 0.9261303343304063], "40": [0.24444444444444444, 0.38071979717813054], "41": [-0.02519763153394848, 0.9234595036794621], "42": [0.6888888888888888, 0.00468694885361552], "43": [0.06818181818181819, 0.7867937258207613], "44": [0.8539864924534399, 0.0006436975254696864], "45": [0.049690399499995326, 0.8618044330490108], "46": [0.44946657497549475, 0.07248608508684644], "47": [0.13801311186847084, 0.5859565771946524], "48": [-0.35805743701971643, 0.16431086269141681], "49": [0.5310850045437944, 0.04062268024480369], "50": [0.07161148740394328, 0.7809020799520818], "51": [-0.22237479499833035, 0.397376495970894], "52": [0.19999999999999998, 0.4843127204585538], "53": [0.3103164454170876, 0.22809167623093407], "54": [0.31462660248284624, 0.2086677876982641], "55": [0.07161148740394328, 0.7809020799520818], "56": [0.6444444444444444, 0.009148478835978836], "57": [0.6440611887195304, 0.011023416388221447], "58": [-0.37796447300922725, 0.14954135458461507], "59": [0.28888888888888886, 0.2912483465608466], "60": [0.02519763153394848, 0.9234595036794621], "61": [0.2771739468734333, 0.2905819610245267], "62": [0.24444444444444444, 0.38071979717813054], "63": [-0.11935247900657214, 0.6429538668866239], "64": [0.5555555555555555, 0.02860945767195767], "65": [0.24444444444444444, 0.38071979717813054], "66": [0.35957325998039574, 0.15076277502664528], "67": [-0.02519763153394848, 0.9234595036794621], "68": [-0.5793654595023211, 0.025517016595234785], "69": [0.046004370622823615, 0.8559215597687727], "70": [0.10886621079036347, 0.6841269000528016], "71": [0.06666666666666667, 0.8618005952380953], "72": [0.15564320159117262, 0.5751931296054089], "73": [-0.1096908636190696, 0.6968219683256272], "74": [0.10846522890932808, 0.6977358290647566], "75": [0.2760262237369417, 0.27597331801373814], "76": [-0.1096908636190696, 0.6968219683256272], "77": [-0.529150262212918, 0.04363140075597019], "78": [-0.11935247900657214, 0.6429538668866239], "79": [0.1111111111111111, 0.7274895282186948], "80": [0.0, 1.0], "81": [0.3103164454170876, 0.22809167623093407], "82": [0.24444444444444444, 0.38071979717813054], "83": [-0.37796447300922725, 0.14954135458461507], "84": [0.35805743701971643, 0.16431086269141681], "85": [0.4666666666666666, 0.07255015432098766], "86": [-0.09656090991705352, 0.7097086551232183], "87": [0.20454545454545456, 0.4171191357742412], "88": [0.3220305943597652, 0.20373653988950713], "89": [0.24444444444444444, 0.38071979717813054], "90": [0.38636363636363635, 0.125349806465808], "91": [0.4319297483312999, 0.08668084494669367], "92": [-0.32756920994133026, 0.2116652202692184], "93": [0.022222222222222223, 1.0], "94": [0.31462660248284624, 0.2086677876982641], "95": [0.31462660248284624, 0.2086677876982641], "96": [0.23002185311411807, 0.36396207510247747], "97": [0.5490214034302319, 0.03297112371577022], "98": [0.5393598899705937, 0.03114121059579671], "99": [0.4222222222222222, 0.10831349206349207]}}