{"0": {"0": [0.28888888888888886, 0.2912483465608466], "1": [0.07559289460184544, 0.7731701679903896], "2": [-0.32756920994133026, 0.2116652202692184], "3": [0.28888888888888886, 0.2912483465608466], "4": [0.598056818096707, 0.01825586058745929], "5": [0.3333333333333333, 0.21637345679012346], "6": [0.22473328748774737, 0.36917141633269157], "7": [-0.12598815766974242, 0.6309540411841708], "8": [0.46004370622823615, 0.06941907499936387], "9": [0.3042903097250923, 0.2655347738734384], "10": [-0.37796447300922725, 0.14954135458461507], "11": [0.22473328748774737, 0.36917141633269157], "12": [0.4666666666666666, 0.07255015432098766], "13": [-0.5423261445466404, 0.05215001456105836], "14": [0.12598815766974242, 0.6309540411841708], "15": [0.13801311186847084, 0.5859565771946524], "16": [0.4222222222222222, 0.10831349206349207], "17": [0.26967994498529685, 0.2811980995641792], "18": [0.11935247900657214, 0.6429538668866239], "19": [-0.022222222222222223, 1.0], "20": [0.022222222222222223, 1.0], "21": [0.19999999999999998, 0.4843127204585538], "22": [0.4666666666666666, 0.07255015432098766], "23": [NaN, NaN], "24": [0.05443310539518174, 0.8388075104761388], "25": [-0.529150262212918, 0.04363140075597019], "26": [-0.26967994498529685, 0.2811980995641792], "27": [0.21773242158072695, 0.4158304695450541], "28": [0.23002185311411807, 0.36396207510247747], "29": [0.022222222222222223, 1.0], "30": [-0.11935247900657214, 0.6429538668866239], "31": [0.13483997249264842, 0.590013887163346], "32": [0.24444444444444444, 0.38071979717813054], "33": [0.06666666666666667, 0.8618005952380953], "34": [-0.07559289460184544, 0.7731701679903896], "35": [-0.2771739468734333, 0.2905819610245267], "36": [-0.3042903097250923, 0.2655347738734384], "37": [0.1111111111111111, 0.7274895282186948], "38": [-0.24343224778007386, 0.373077501374122], "39": [0.5555555555555555, 0.02860945767195767], "40": [0.37777777777777777, 0.1557418430335097], "41": [-0.24343224778007386, 0.373077501374122], "42": [0.37777777777777777, 0.1557418430335097], "43": [-0.13483997249264842, 0.590013887163346], "44": [0.6, 0.016666115520282188], "45": [0.31462660248284624, 0.2086677876982641], "46": [-0.4472135954999579, 0.11718508719813801], "47": [0.23002185311411807, 0.36396207510247747], "48": [0.5555555555555555, 0.02860945767195767], "49": [-0.02387049580131443, 0.9261303343304063], "50": [0.08989331499509895, 0.7194375444233914], "51": [0.2760262237369417, 0.27597331801373814], "52": [0.15555555555555553, 0.6006536596119929], "53": [0.07559289460184544, 0.7731701679903896], "54": [0.3220305943597652, 0.20373653988950713], "55": [-0.3680349649825889, 0.14634982666257296], "56": [-0.35805743701971643, 0.16431086269141681], "57": [-0.18401748249129446, 0.46767140390417383], "58": [0.3220305943597652, 0.20373653988950713], "59": [-0.1807753815155468, 0.517439239336394], "60": [0.26967994498529685, 0.2811980995641792], "61": [0.1111111111111111, 0.7274895282186948], "62": [0.1797866299901979, 0.47249761400068846], "63": [-0.5443310539518174, 0.0419323909238529], "64": [-0.036155076303109365, 0.8969940255412855], "65": [0.044946657497549475, 0.8574624419592412], "66": [-0.40451991747794525, 0.10599754842494571], "67": [0.2760262237369417, 0.27597331801373814], "68": [0.5111111111111111, 0.04662257495590829], "69": [0.02387049580131443, 0.9261303343304063], "70": [-0.07559289460184544, 0.7731701679903896], "71": [0.09200874124564723, 0.7165029052613134], "72": [-0.3333333333333333, 0.21637345679012346], "73": [NaN, NaN], "74": [NaN, NaN], "75": [0.049690399499995326, 0.8618044330490108], "76": [0.08989331499509895, 0.7194375444233914], "77": [0.4944132324730442, 0.04819348829319077], "78": [-0.13801311186847084, 0.5859565771946524], "79": [0.0, 1.0], "80": [-0.17638342073763935, 0.5012411004865835], "81": [-0.5423261445466404, 0.05215001456105836], "82": [0.0, 1.0], "83": [0.2771739468734333, 0.2905819610245267], "84": [-0.26967994498529685, 0.2811980995641792], "85": [-0.23002185311411807, 0.36396207510247747], "86": [0.19999999999999998, 0.4843127204585538], "87": [-0.13801311186847084, 0.5859565771946524], "88": [0.22473328748774737, 0.36917141633269157], "89": [0.17638342073763935, 0.5012411004865835], "90": [0.02519763153394848, 0.9234595036794621], "91": [0.1632993161855452, 0.5416914750590134], "92": [0.5393598899705937, 0.03114121059579671], "93": [0.5490214034302319, 0.03297112371577022], "94": [-0.4787549991450212, 0.06793149835836691], "95": [-0.3265986323710904, 0.22226996949464717], "96": [NaN, NaN], "97": [-0.044946657497549475, 0.8574624419592412], "98": [-0.1797866299901979, 0.47249761400068846], "99": [0.3103164454170876, 0.22809167623093407]}}