{"0": {"0": [0.5393598899705937, 0.03114121059579671], "1": [0.6444444444444444, 0.009148478835978836], "2": [0.6888888888888888, 0.00468694885361552], "3": [0.28888888888888886, 0.2912483465608466], "4": [0.06666666666666667, 0.8618005952380953], "5": [0.24444444444444444, 0.38071979717813054], "6": [0.4222222222222222, 0.10831349206349207], "7": [0.5555555555555555, 0.02860945767195767], "8": [0.6444444444444444, 0.009148478835978836], "9": [0.4222222222222222, 0.10831349206349207], "10": [0.6444444444444444, 0.009148478835978836], "11": [0.6444444444444444, 0.009148478835978836], "12": [0.24444444444444444, 0.38071979717813054], "13": [0.6, 0.016666115520282188], "14": [0.5111111111111111, 0.04662257495590829], "15": [0.37777777777777777, 0.1557418430335097], "16": [0.1111111111111111, 0.7274895282186948], "17": [0.06666666666666667, 0.8618005952380953], "18": [0.6444444444444444, 0.009148478835978836], "19": [0.4666666666666666, 0.07255015432098766], "20": [0.5111111111111111, 0.04662257495590829], "21": [0.06666666666666667, 0.8618005952380953], "22": [0.4222222222222222, 0.10831349206349207], "23": [0.15555555555555553, 0.6006536596119929], "24": [0.6444444444444444, 0.009148478835978836], "25": [0.28888888888888886, 0.2912483465608466], "26": [0.3333333333333333, 0.21637345679012346], "27": [0.6, 0.016666115520282188], "28": [0.24444444444444444, 0.38071979717813054], "29": [0.5111111111111111, 0.04662257495590829], "30": [0.911111111111111, 2.9761904761904762e-05], "31": [0.4666666666666666, 0.07255015432098766], "32": [-0.24444444444444444, 0.38071979717813054], "33": [0.37777777777777777, 0.1557418430335097], "34": [0.5555555555555555, 0.02860945767195767], "35": [0.24444444444444444, 0.38071979717813054], "36": [0.15555555555555553, 0.6006536596119929], "37": [0.6, 0.016666115520282188], "38": [0.24444444444444444, 0.38071979717813054], "39": [0.24444444444444444, 0.38071979717813054], "40": [0.3333333333333333, 0.21637345679012346], "41": [0.1111111111111111, 0.7274895282186948], "42": [0.37777777777777777, 0.1557418430335097], "43": [0.4666666666666666, 0.07255015432098766], "44": [0.5111111111111111, 0.04662257495590829], "45": [0.15555555555555553, 0.6006536596119929], "46": [0.6444444444444444, 0.009148478835978836], "47": [0.8222222222222221, 0.0003576940035273369], "48": [0.6, 0.016666115520282188], "49": [0.6292532049656926, 0.011921001496914019], "50": [0.24444444444444444, 0.38071979717813054], "51": [0.6888888888888888, 0.00468694885361552], "52": [0.6888888888888888, 0.00468694885361552], "53": [0.3333333333333333, 0.21637345679012346], "54": [0.15555555555555553, 0.6006536596119929], "55": [0.6, 0.016666115520282188], "56": [0.7640931774583409, 0.002263469812035174], "57": [0.4666666666666666, 0.07255015432098766], "58": [0.19999999999999998, 0.4843127204585538], "59": [0.5111111111111111, 0.04662257495590829], "60": [0.37777777777777777, 0.1557418430335097], "61": [0.1111111111111111, 0.7274895282186948], "62": [0.1111111111111111, 0.7274895282186948], "63": [0.1111111111111111, 0.7274895282186948], "64": [0.022222222222222223, 1.0], "65": [0.37777777777777777, 0.1557418430335097], "66": [0.19999999999999998, 0.4843127204585538], "67": [0.3333333333333333, 0.21637345679012346], "68": [0.6444444444444444, 0.009148478835978836], "69": [0.4666666666666666, 0.07255015432098766], "70": [0.4222222222222222, 0.10831349206349207], "71": [0.28888888888888886, 0.2912483465608466], "72": [0.4666666666666666, 0.07255015432098766], "73": [0.06666666666666667, 0.8618005952380953], "74": [0.7333333333333333, 0.002212852733686067], "75": [0.5555555555555555, 0.02860945767195767], "76": [0.4222222222222222, 0.10831349206349207], "77": [0.28888888888888886, 0.2912483465608466], "78": [0.022222222222222223, 1.0], "79": [0.6444444444444444, 0.009148478835978836], "80": [0.3333333333333333, 0.21637345679012346], "81": [0.8539864924534399, 0.0006436975254696864], "82": [0.3333333333333333, 0.21637345679012346], "83": [0.6888888888888888, 0.00468694885361552], "84": [0.28888888888888886, 0.2912483465608466], "85": [0.28888888888888886, 0.2912483465608466], "86": [0.022222222222222223, 1.0], "87": [0.24444444444444444, 0.38071979717813054], "88": [0.6888888888888888, 0.00468694885361552], "89": [0.4222222222222222, 0.10831349206349207], "90": [0.13483997249264842, 0.590013887163346], "91": [0.7777777777777777, 0.0009463183421516755], "92": [0.7640931774583409, 0.002263469812035174], "93": [0.4666666666666666, 0.07255015432098766], "94": [0.5111111111111111, 0.04662257495590829], "95": [0.022222222222222223, 1.0], "96": [0.5111111111111111, 0.04662257495590829], "97": [0.33333333333333337, 0.3813492063492063], "98": [0.7333333333333333, 0.002212852733686067], "99": [0.5393598899705937, 0.03114121059579671]}}