{"0": {"0": [0.3680349649825889, 0.14634982666257296], "1": [0.4666666666666666, 0.07255015432098766], "2": [0.4222222222222222, 0.10831349206349207], "3": [0.13483997249264842, 0.590013887163346], "4": [-0.3810317377662721, 0.15446576442708193], "5": [0.23002185311411807, 0.36396207510247747], "6": [0.0, 1.0], "7": [0.37777777777777777, 0.1557418430335097], "8": [0.6444444444444444, 0.009148478835978836], "9": [-0.22677868380553634, 0.387207844771453], "10": [0.4535394202249742, 0.07814087264538563], "11": [0.21483446221182986, 0.40403816195351616], "12": [0.12171612389003693, 0.6560583341550846], "13": [-0.3810317377662721, 0.15446576442708193], "14": [0.4140393356054125, 0.10223484473548784], "15": [-0.1632993161855452, 0.5416914750590134], "16": [0.40451991747794525, 0.10599754842494571], "17": [0.1797866299901979, 0.47249761400068846], "18": [0.5555555555555555, 0.02860945767195767], "19": [0.44946657497549475, 0.07248608508684644], "20": [0.4057984286223453, 0.11499183293112149], "21": [0.6888888888888888, 0.00468694885361552], "22": [0.3290725908572088, 0.24246724633660544], "23": [0.37777777777777777, 0.1557418430335097], "24": [0.3333333333333333, 0.21637345679012346], "25": [0.31462660248284624, 0.2086677876982641], "26": [0.36927447293799825, 0.18007499891400047], "27": [0.4140393356054125, 0.10223484473548784], "28": [-0.3595732599803958, 0.15076277502664528], "29": [-0.02387049580131443, 0.9261303343304063], "30": [-0.07161148740394328, 0.7809020799520818], "31": [0.3333333333333333, 0.21637345679012346], "32": [0.7333333333333333, 0.002212852733686067], "33": [0.44339445131370586, 0.0977286327370087], "34": [0.43452409462674085, 0.09391200094344183], "35": [0.2558831578595795, 0.31610767079299373], "36": [0.5350284209791207, 0.03607221040346648], "37": [0.44946657497549475, 0.07248608508684644], "38": [0.4666666666666666, 0.07255015432098766], "39": [-0.060858061945018464, 0.8237838788539289], "40": [0.11935247900657214, 0.6429538668866239], "41": [0.5520524474738834, 0.02934510817484185], "42": [0.07242068243779014, 0.7801024304111899], "43": [-0.4140393356054125, 0.10223484473548784], "44": [0.44946657497549475, 0.07248608508684644], "45": [-0.33850160019316505, 0.21914162534382065], "46": [0.28888888888888886, 0.2912483465608466], "47": [0.027842302319485226, 0.9184246497830695], "48": [0.8090398349558905, 0.0012254240706707099], "49": [0.24140227479263376, 0.35205093697251144], "50": [-0.6146362971528592, 0.027749304190886073], "51": [0.501280411827603, 0.05153405901703816], "52": [0.43452409462674085, 0.09391200094344183], "53": [-0.061545745489666376, 0.8232081019256614], "54": [0.5843065474681431, 0.019550269092885535], "55": [0.8090398349558905, 0.0012254240706707099], "56": [0.28888888888888886, 0.2912483465608466], "57": [0.7045454545454546, 0.00519120135402463], "58": [0.1807753815155468, 0.517439239336394], "59": [-0.39770583933420295, 0.15443051915129236], "60": [0.36514837167011077, 0.18152138952609564], "61": [0.26967994498529685, 0.2811980995641792], "62": [0.3595732599803958, 0.15076277502664528], "63": [0.5227272727272728, 0.038111563442823744], "64": [-0.629940788348712, 0.016309171877754967], "65": [0.4057984286223453, 0.11499183293112149], "66": [0.07559289460184544, 0.7731701679903896], "67": [0.15555555555555553, 0.6006536596119929], "68": [-0.167093470609201, 0.5163371619568604], "69": [0.049690399499995326, 0.8618044330490108], "70": [0.15555555555555553, 0.6006536596119929], "71": [-0.32756920994133026, 0.2116652202692184], "72": [-0.30151134457776363, 0.2948019919337048], "73": [-0.13801311186847084, 0.5859565771946524], "74": [0.42004127944129066, 0.10991021014242801], "75": [-0.2530855341217655, 0.3648210653487137], "76": [0.036155076303109365, 0.8969940255412855], "77": [-0.41286141192238524, 0.12578642463894], "78": [0.0, 1.0], "79": [0.07161148740394328, 0.7809020799520818], "80": [0.4666666666666666, 0.07255015432098766], "81": [0.3103164454170876, 0.22809167623093407], "82": [0.1797866299901979, 0.47249761400068846], "83": [0.4403855060505443, 0.10247043485974937], "84": [0.20621570489058683, 0.43881634294658023], "85": [-0.055048188256318034, 0.8382564863858263], "86": [0.5843065474681431, 0.019550269092885535], "87": [-0.167093470609201, 0.5163371619568604], "88": [0.08257228238447704, 0.7594628653799336], "89": [0.6495983543529201, 0.017057479421296425], "90": [-0.22677868380553634, 0.387207844771453], "91": [0.09258200997725514, 0.74407308593867], "92": [-0.10559273546969093, 0.6957344577274033], "93": [0.26967994498529685, 0.2811980995641792], "94": [0.08989331499509895, 0.7194375444233914], "95": [0.2857142857142857, 0.3034836640248423], "96": [0.5039526306789697, 0.0711092526475197], "97": [-0.23002185311411807, 0.36396207510247747], "98": [NaN, NaN], "99": [0.44946657497549475, 0.07248608508684644]}}