{"0": {"0": [0.37777777777777777, 0.1557418430335097], "1": [0.022222222222222223, 1.0], "2": [0.4222222222222222, 0.10831349206349207], "3": [0.37777777777777777, 0.1557418430335097], "4": [0.37777777777777777, 0.1557418430335097], "5": [-0.022222222222222223, 1.0], "6": [0.5111111111111111, 0.04662257495590829], "7": [-0.06666666666666667, 0.8618005952380953], "8": [-0.6, 0.016666115520282188], "9": [0.6, 0.016666115520282188], "10": [0.28888888888888886, 0.2912483465608466], "11": [0.18401748249129446, 0.46767140390417383], "12": [-0.4222222222222222, 0.10831349206349207], "13": [0.28888888888888886, 0.2912483465608466], "14": [0.24845199749997662, 0.384088249473852], "15": [0.28888888888888886, 0.2912483465608466], "16": [0.06666666666666667, 0.8618005952380953], "17": [0.13483997249264842, 0.590013887163346], "18": [0.19999999999999998, 0.4843127204585538], "19": [-0.09200874124564723, 0.7165029052613134], "20": [0.15555555555555553, 0.6006536596119929], "21": [0.5555555555555555, 0.02860945767195767], "22": [0.19999999999999998, 0.4843127204585538], "23": [0.5555555555555555, 0.02860945767195767], "24": [0.28888888888888886, 0.2912483465608466], "25": [0.08989331499509895, 0.7194375444233914], "26": [0.1797866299901979, 0.47249761400068846], "27": [0.4222222222222222, 0.10831349206349207], "28": [0.19999999999999998, 0.4843127204585538], "29": [0.19999999999999998, 0.4843127204585538], "30": [0.5555555555555555, 0.02860945767195767], "31": [0.1111111111111111, 0.7274895282186948], "32": [0.3333333333333333, 0.21637345679012346], "33": [0.022222222222222223, 1.0], "34": [0.022222222222222223, 1.0], "35": [-0.1111111111111111, 0.7274895282186948], "36": [0.28888888888888886, 0.2912483465608466], "37": [0.19999999999999998, 0.4843127204585538], "38": [0.24444444444444444, 0.38071979717813054], "39": [0.19999999999999998, 0.4843127204585538], "40": [0.6444444444444444, 0.009148478835978836], "41": [0.022222222222222223, 1.0], "42": [0.3333333333333333, 0.21637345679012346], "43": [0.06666666666666667, 0.8618005952380953], "44": [-0.4222222222222222, 0.10831349206349207], "45": [0.15555555555555553, 0.6006536596119929], "46": [-0.06666666666666667, 0.8618005952380953], "47": [-0.15555555555555553, 0.6006536596119929], "48": [0.37777777777777777, 0.1557418430335097], "49": [0.7777777777777777, 0.0009463183421516755], "50": [0.19999999999999998, 0.4843127204585538], "51": [0.19999999999999998, 0.4843127204585538], "52": [0.1111111111111111, 0.7274895282186948], "53": [-0.22473328748774737, 0.36917141633269157], "54": [0.6888888888888888, 0.00468694885361552], "55": [0.5111111111111111, 0.04662257495590829], "56": [0.022222222222222223, 1.0], "57": [0.09200874124564723, 0.7165029052613134], "58": [0.1111111111111111, 0.7274895282186948], "59": [0.15555555555555553, 0.6006536596119929], "60": [0.37777777777777777, 0.1557418430335097], "61": [0.28888888888888886, 0.2912483465608466], "62": [-0.15555555555555553, 0.6006536596119929], "63": [0.5393598899705937, 0.03114121059579671], "64": [0.1111111111111111, 0.7274895282186948], "65": [0.22473328748774737, 0.36917141633269157], "66": [0.4222222222222222, 0.10831349206349207], "67": [-0.28888888888888886, 0.2912483465608466], "68": [0.19999999999999998, 0.4843127204585538], "69": [0.4222222222222222, 0.10831349206349207], "70": [0.4666666666666666, 0.07255015432098766], "71": [0.26967994498529685, 0.2811980995641792], "72": [0.5555555555555555, 0.02860945767195767], "73": [0.15555555555555553, 0.6006536596119929], "74": [0.28888888888888886, 0.2912483465608466], "75": [0.28888888888888886, 0.2912483465608466], "76": [0.28888888888888886, 0.2912483465608466], "77": [0.15555555555555553, 0.6006536596119929], "78": [0.24444444444444444, 0.38071979717813054], "79": [0.15555555555555553, 0.6006536596119929], "80": [0.06666666666666667, 0.8618005952380953], "81": [-0.3333333333333333, 0.21637345679012346], "82": [0.4666666666666666, 0.07255015432098766], "83": [-0.022222222222222223, 1.0], "84": [0.022222222222222223, 1.0], "85": [0.24444444444444444, 0.38071979717813054], "86": [0.5111111111111111, 0.04662257495590829], "87": [-0.24444444444444444, 0.38071979717813054], "88": [0.4222222222222222, 0.10831349206349207], "89": [-0.6741998624632421, 0.007058332048528086], "90": [0.1111111111111111, 0.7274895282186948], "91": [0.24444444444444444, 0.38071979717813054], "92": [0.4222222222222222, 0.10831349206349207], "93": [-0.046004370622823615, 0.8559215597687727], "94": [0.06666666666666667, 0.8618005952380953], "95": [0.3333333333333333, 0.21637345679012346], "96": [-0.28888888888888886, 0.2912483465608466], "97": [0.15555555555555553, 0.6006536596119929], "98": [0.022222222222222223, 1.0], "99": [0.37777777777777777, 0.1557418430335097]}}