{"0": {"0": [0.5111111111111111, 0.04662257495590829], "1": [-0.3220305943597652, 0.20373653988950713], "2": [0.15555555555555553, 0.6006536596119929], "3": [-0.23002185311411807, 0.36396207510247747], "4": [0.022222222222222223, 1.0], "5": [0.06666666666666667, 0.8618005952380953], "6": [-0.7333333333333333, 0.002212852733686067], "7": [-0.167093470609201, 0.5163371619568604], "8": [-0.15555555555555553, 0.6006536596119929], "9": [-0.4898979485566356, 0.06713466191406173], "10": [0.26257545381445874, 0.3077948174161401], "11": [0.44946657497549475, 0.07248608508684644], "12": [0.3333333333333333, 0.21637345679012346], "13": [0.4868644955601477, 0.0748394419218748], "14": [0.07161148740394328, 0.7809020799520818], "15": [0.3595732599803958, 0.15076277502664528], "16": [0.1111111111111111, 0.7274895282186948], "17": [0.5111111111111111, 0.04662257495590829], "18": [-0.022222222222222223, 1.0], "19": [-0.1807753815155468, 0.517439239336394], "20": [0.37777777777777777, 0.1557418430335097], "21": [0.167093470609201, 0.5163371619568604], "22": [0.044946657497549475, 0.8574624419592412], "23": [0.6, 0.016666115520282188], "24": [-0.24845199749997662, 0.384088249473852], "25": [-0.21483446221182986, 0.40403816195351616], "26": [-0.06666666666666667, 0.8618005952380953], "27": [0.044946657497549475, 0.8574624419592412], "28": [0.4283597360771242, 0.1024044098198256], "29": [0.12171612389003693, 0.6560583341550846], "30": [0.40451991747794525, 0.10599754842494571], "31": [-0.4354648431614539, 0.10366227301829672], "32": [0.22677868380553634, 0.387207844771453], "33": [0.4666666666666666, 0.07255015432098766], "34": [0.23002185311411807, 0.36396207510247747], "35": [-0.36514837167011077, 0.18152138952609564], "36": [0.0, 1.0], "37": [0.37796447300922725, 0.14954135458461507], "38": [0.36514837167011077, 0.18152138952609564], "39": [0.0, 1.0], "40": [0.5555555555555555, 0.02860945767195767], "41": [0.529150262212918, 0.04363140075597019], "42": [0.167093470609201, 0.5163371619568604], "43": [0.2721655269759087, 0.3091081171471305], "44": [0.37777777777777777, 0.1557418430335097], "45": [0.4057984286223453, 0.11499183293112149], "46": [-0.24444444444444444, 0.38071979717813054], "47": [NaN, NaN], "48": [0.5111111111111111, 0.04662257495590829], "49": [-0.2760262237369417, 0.27597331801373814], "50": [0.529150262212918, 0.04363140075597019], "51": [-0.22677868380553634, 0.387207844771453], "52": [0.0, 1.0], "53": [-0.2721655269759087, 0.3091081171471305], "54": [0.26967994498529685, 0.2811980995641792], "55": [-0.167093470609201, 0.5163371619568604], "56": [-0.4700159919404217, 0.09238008162314501], "57": [0.3265986323710904, 0.22226996949464717], "58": [0.3680349649825889, 0.14634982666257296], "59": [0.07161148740394328, 0.7809020799520818], "60": [0.5987641593469991, 0.025246527459117152], "61": [0.2530855341217655, 0.3648210653487137], "62": [0.15555555555555553, 0.6006536596119929], "63": [0.19999999999999998, 0.4843127204585538], "64": [-0.18257418583505539, 0.5041063636520798], "65": [0.23002185311411807, 0.36396207510247747], "66": [-0.17638342073763935, 0.5012411004865835], "67": [-0.036155076303109365, 0.8969940255412855], "68": [-0.10886621079036347, 0.6841269000528016], "69": [0.35805743701971643, 0.16431086269141681], "70": [0.08989331499509895, 0.7194375444233914], "71": [0.24343224778007386, 0.373077501374122], "72": [0.12598815766974242, 0.6309540411841708], "73": [0.6445033866354896, 0.012304364739182177], "74": [0.3265986323710904, 0.22226996949464717], "75": [-0.24343224778007386, 0.373077501374122], "76": [-0.21483446221182986, 0.40403816195351616], "77": [-0.3333333333333333, 0.21637345679012346], "78": [0.28888888888888886, 0.2912483465608466], "79": [-0.6531972647421808, 0.014645494331075934], "80": [0.12598815766974242, 0.6309540411841708], "81": [-0.17638342073763935, 0.5012411004865835], "82": [0.5111111111111111, 0.04662257495590829], "83": [-0.37796447300922725, 0.14954135458461507], "84": [0.022222222222222223, 1.0], "85": [-0.07559289460184544, 0.7731701679903896], "86": [-0.2771739468734333, 0.2905819610245267], "87": [-0.2771739468734333, 0.2905819610245267], "88": [0.21483446221182986, 0.40403816195351616], "89": [-0.036155076303109365, 0.8969940255412855], "90": [-0.12171612389003693, 0.6560583341550846], "91": [-0.5477225575051662, 0.04505635380146352], "92": [0.4222222222222222, 0.10831349206349207], "93": [-0.26967994498529685, 0.2811980995641792], "94": [0.5393598899705937, 0.03114121059579671], "95": [-0.24845199749997662, 0.384088249473852], "96": [-0.02387049580131443, 0.9261303343304063], "97": [0.3220305943597652, 0.20373653988950713], "98": [-0.167093470609201, 0.5163371619568604], "99": [0.35805743701971643, 0.16431086269141681]}}