{"0": {"0": [0.5111111111111111, 0.04662257495590829], "1": [-0.022222222222222223, 1.0], "2": [-0.32756920994133026, 0.2116652202692184], "3": [0.17638342073763935, 0.5012411004865835], "4": [0.529150262212918, 0.04363140075597019], "5": [-0.28888888888888886, 0.2912483465608466], "6": [0.37777777777777777, 0.1557418430335097], "7": [-0.36514837167011077, 0.18152138952609564], "8": [0.06666666666666667, 0.8618005952380953], "9": [-0.06666666666666667, 0.8618005952380953], "10": [0.3265986323710904, 0.22226996949464717], "11": [0.5490214034302319, 0.03297112371577022], "12": [-0.049690399499995326, 0.8618044330490108], "13": [-0.1111111111111111, 0.7274895282186948], "14": [-0.10846522890932808, 0.6977358290647566], "15": [NaN, NaN], "16": [0.37777777777777777, 0.1557418430335097], "17": [0.2721655269759087, 0.3091081171471305], "18": [0.5555555555555555, 0.02860945767195767], "19": [-0.13483997249264842, 0.590013887163346], "20": [0.0, 1.0], "21": [0.060858061945018464, 0.8237838788539289], "22": [0.02387049580131443, 0.9261303343304063], "23": [0.21483446221182986, 0.40403816195351616], "24": [-0.060858061945018464, 0.8237838788539289], "25": [0.4222222222222222, 0.10831349206349207], "26": [0.1797866299901979, 0.47249761400068846], "27": [-0.060858061945018464, 0.8237838788539289], "28": [0.05443310539518174, 0.8388075104761388], "29": [0.3220305943597652, 0.20373653988950713], "30": [-0.3810317377662721, 0.15446576442708193], "31": [NaN, NaN], "32": [0.060858061945018464, 0.8237838788539289], "33": [-0.32539568672798425, 0.2439639465303466], "34": [0.39770583933420295, 0.15443051915129236], "35": [0.17638342073763935, 0.5012411004865835], "36": [0.3333333333333333, 0.21637345679012346], "37": [0.5490214034302319, 0.03297112371577022], "38": [-0.10886621079036347, 0.6841269000528016], "39": [0.2771739468734333, 0.2905819610245267], "40": [0.0, 1.0], "41": [0.17638342073763935, 0.5012411004865835], "42": [-0.09200874124564723, 0.7165029052613134], "43": [0.0, 1.0], "44": [0.4898979485566356, 0.06713466191406173], "45": [0.34783279649996723, 0.22301746994661498], "46": [0.24845199749997662, 0.384088249473852], "47": [-0.14907119849998599, 0.6015081344405899], "48": [-0.23002185311411807, 0.36396207510247747], "49": [-0.10886621079036347, 0.6841269000528016], "50": [-0.3265986323710904, 0.22226996949464717], "51": [0.37796447300922725, 0.14954135458461507], "52": [0.18401748249129446, 0.46767140390417383], "53": [-0.1807753815155468, 0.517439239336394], "54": [0.12171612389003693, 0.6560583341550846], "55": [NaN, NaN], "56": [-0.10846522890932808, 0.6977358290647566], "57": [-0.10886621079036347, 0.6841269000528016], "58": [0.36514837167011077, 0.18152138952609564], "59": [0.6292532049656925, 0.011921001496914019], "60": [0.28888888888888886, 0.2912483465608466], "61": [-0.046004370622823615, 0.8559215597687727], "62": [0.18257418583505539, 0.5041063636520798], "63": [0.167093470609201, 0.5163371619568604], "64": [0.4472135954999579, 0.11718508719813801], "65": [0.046004370622823615, 0.8559215597687727], "66": [0.12598815766974242, 0.6309540411841708], "67": [0.06666666666666667, 0.8618005952380953], "68": [-0.3265986323710904, 0.22226996949464717], "69": [0.5111111111111111, 0.04662257495590829], "70": [-0.36514837167011077, 0.18152138952609564], "71": [0.35805743701971643, 0.16431086269141681], "72": [0.24845199749997662, 0.384088249473852], "73": [-0.19999999999999998, 0.4843127204585538], "74": [0.17638342073763935, 0.5012411004865835], "75": [-0.24343224778007386, 0.373077501374122], "76": [0.022222222222222223, 1.0], "77": [-0.5490214034302319, 0.03297112371577022], "78": [-0.46159309117249786, 0.0938057526871516], "79": [0.05443310539518174, 0.8388075104761388], "80": [0.3302891295379082, 0.22067136191984682], "81": [0.046004370622823615, 0.8559215597687727], "82": [0.22473328748774737, 0.36917141633269157], "83": [0.18257418583505539, 0.5041063636520798], "84": [0.26967994498529685, 0.2811980995641792], "85": [0.049690399499995326, 0.8618044330490108], "86": [0.0, 1.0], "87": [0.4868644955601477, 0.0748394419218748], "88": [-0.18257418583505539, 0.5041063636520798], "89": [0.4700159919404217, 0.09238008162314501], "90": [0.12598815766974242, 0.6309540411841708], "91": [0.5393598899705937, 0.03114121059579671], "92": [0.24444444444444444, 0.38071979717813054], "93": [-0.3042903097250923, 0.2655347738734384], "94": [0.5111111111111111, 0.04662257495590829], "95": [-0.4700159919404217, 0.09238008162314501], "96": [0.14907119849998599, 0.6015081344405899], "97": [0.12171612389003693, 0.6560583341550846], "98": [0.28888888888888886, 0.2912483465608466], "99": [0.3042903097250923, 0.2655347738734384]}}