{"0": {"0": [0.3333333333333333, 0.21637345679012346], "1": [NaN, NaN], "2": [-0.24845199749997662, 0.384088249473852], "3": [0.24444444444444444, 0.38071979717813054], "4": [-0.1797866299901979, 0.47249761400068846], "5": [-0.24444444444444444, 0.38071979717813054], "6": [-0.022222222222222223, 1.0], "7": [NaN, NaN], "8": [-0.02519763153394848, 0.9234595036794621], "9": [0.022222222222222223, 1.0], "10": [0.4472135954999579, 0.11718508719813801], "11": [0.1807753815155468, 0.517439239336394], "12": [-0.18401748249129446, 0.46767140390417383], "13": [-0.21773242158072695, 0.4158304695450541], "14": [-0.24444444444444444, 0.38071979717813054], "15": [-0.022222222222222223, 1.0], "16": [-0.022222222222222223, 1.0], "17": [NaN, NaN], "18": [-0.6531972647421808, 0.014645494331075934], "19": [0.05443310539518174, 0.8388075104761388], "20": [-0.4057984286223453, 0.11499183293112149], "21": [-0.02387049580131443, 0.9261303343304063], "22": [0.06666666666666667, 0.8618005952380953], "23": [-0.060858061945018464, 0.8237838788539289], "24": [0.26257545381445874, 0.3077948174161401], "25": [-0.022222222222222223, 1.0], "26": [0.02519763153394848, 0.9234595036794621], "27": [0.21773242158072695, 0.4158304695450541], "28": [0.3595732599803958, 0.15076277502664528], "29": [-0.24343224778007386, 0.373077501374122], "30": [0.22677868380553634, 0.387207844771453], "31": [-0.049690399499995326, 0.8618044330490108], "32": [NaN, NaN], "33": [0.19999999999999998, 0.4843127204585538], "34": [0.06666666666666667, 0.8618005952380953], "35": [0.14907119849998599, 0.6015081344405899], "36": [-0.4057984286223453, 0.11499183293112149], "37": [NaN, NaN], "38": [NaN, NaN], "39": [-0.19999999999999998, 0.4843127204585538], "40": [0.4140393356054125, 0.10223484473548784], "41": [-0.26257545381445874, 0.3077948174161401], "42": [-0.1111111111111111, 0.7274895282186948], "43": [-0.3103164454170876, 0.22809167623093407], "44": [-0.10886621079036347, 0.6841269000528016], "45": [0.3265986323710904, 0.22226996949464717], "46": [0.10886621079036347, 0.6841269000528016], "47": [-0.37796447300922725, 0.14954135458461507], "48": [-0.3333333333333333, 0.21637345679012346], "49": [-0.1807753815155468, 0.517439239336394], "50": [-0.32756920994133026, 0.2116652202692184], "51": [0.6444444444444444, 0.009148478835978836], "52": [-0.6146362971528592, 0.027749304190886073], "53": [0.24343224778007386, 0.373077501374122], "54": [0.6, 0.016666115520282188], "55": [0.0, 1.0], "56": [0.02387049580131443, 0.9261303343304063], "57": [0.4472135954999579, 0.11718508719813801], "58": [0.24444444444444444, 0.38071979717813054], "59": [0.12598815766974242, 0.6309540411841708], "60": [0.21773242158072695, 0.4158304695450541], "61": [0.08989331499509895, 0.7194375444233914], "62": [0.2530855341217655, 0.3648210653487137], "63": [0.5111111111111111, 0.04662257495590829], "64": [-0.10846522890932808, 0.6977358290647566], "65": [0.036155076303109365, 0.8969940255412855], "66": [-0.06666666666666667, 0.8618005952380953], "67": [0.13483997249264842, 0.590013887163346], "68": [-0.26257545381445874, 0.3077948174161401], "69": [-0.4472135954999579, 0.11718508719813801], "70": [NaN, NaN], "71": [0.13483997249264842, 0.590013887163346], "72": [0.32539568672798425, 0.2439639465303466], "73": [-0.36514837167011077, 0.18152138952609564], "74": [0.049690399499995326, 0.8618044330490108], "75": [0.3333333333333333, 0.21637345679012346], "76": [-0.24343224778007386, 0.373077501374122], "77": [0.3595732599803958, 0.15076277502664528], "78": [-0.32539568672798425, 0.2439639465303466], "79": [0.167093470609201, 0.5163371619568604], "80": [-0.4260064336151292, 0.11905172683965022], "81": [0.0, 1.0], "82": [-0.13483997249264842, 0.590013887163346], "83": [-0.34783279649996723, 0.22301746994661498], "84": [NaN, NaN], "85": [0.02387049580131443, 0.9261303343304063], "86": [0.19999999999999998, 0.4843127204585538], "87": [0.28888888888888886, 0.2912483465608466], "88": [0.0, 1.0], "89": [-0.3042903097250923, 0.2655347738734384], "90": [-0.12171612389003693, 0.6560583341550846], "91": [NaN, NaN], "92": [-0.764093177458341, 0.002263469812035174], "93": [NaN, NaN], "94": [0.1632993161855452, 0.5416914750590134], "95": [0.044946657497549475, 0.8574624419592412], "96": [0.18401748249129446, 0.46767140390417383], "97": [NaN, NaN], "98": [-0.37796447300922725, 0.14954135458461507], "99": [-0.4472135954999579, 0.11718508719813801]}}